{
  "version": "1.0",
  "workerIdList": [
    -1,
    0
  ],
  "metrics": [
    {
      "type": "build_line",
      "endTime": 1682298856646,
      "status": "closed",
      "children": [],
      "name": "overallTime",
      "taskName": "default@PreBuild",
      "taskPath": "entry",
      "workerId": -1,
      "startTime": 1682298856640
    },
    {
      "type": "build_line",
      "endTime": 1682298856652,
      "status": "closed",
      "children": [],
      "name": "overallTime",
      "taskName": "default@MergeProfile",
      "taskPath": "entry",
      "workerId": -1,
      "startTime": 1682298856650
    },
    {
      "type": "build_line",
      "endTime": 1682298856653,
      "status": "closed",
      "children": [],
      "name": "overallTime",
      "taskName": "default@BuildNativeWithCmake",
      "taskPath": "entry",
      "workerId": -1,
      "startTime": 1682298856652
    },
    {
      "type": "build_line",
      "endTime": 1682298856655,
      "status": "closed",
      "children": [],
      "name": "overallTime",
      "taskName": "default@GenerateLoaderJson",
      "taskPath": "entry",
      "workerId": -1,
      "startTime": 1682298856654
    },
    {
      "type": "build_line",
      "endTime": 1682298856662,
      "status": "closed",
      "children": [],
      "name": "overallTime",
      "taskName": "default@MakePackInfo",
      "taskPath": "entry",
      "workerId": -1,
      "startTime": 1682298856656
    },
    {
      "type": "build_line",
      "endTime": 1682298856666,
      "status": "closed",
      "children": [],
      "name": "overallTime",
      "taskName": "default@ProcessProfile",
      "taskPath": "entry",
      "workerId": -1,
      "startTime": 1682298856664
    },
    {
      "type": "build_line",
      "endTime": 1682298856666,
      "status": "closed",
      "children": [],
      "name": "overallTime",
      "taskName": "default@BuildNativeWithNinja",
      "taskPath": "entry",
      "workerId": -1,
      "startTime": 1682298856666
    },
    {
      "type": "build_line",
      "endTime": 1682298856669,
      "status": "closed",
      "children": [],
      "name": "overallTime",
      "taskName": "default@ProcessResource",
      "taskPath": "entry",
      "workerId": -1,
      "startTime": 1682298856667
    },
    {
      "type": "build_line",
      "endTime": 1682298856671,
      "status": "closed",
      "children": [],
      "name": "overallTime",
      "taskName": "default@ProcessLibs",
      "taskPath": "entry",
      "workerId": -1,
      "startTime": 1682298856670
    },
    {
      "type": "build_line",
      "endTime": 1682298856696,
      "status": "closed",
      "children": [],
      "name": "overallTime",
      "taskName": "default@CompileResource",
      "taskPath": "entry",
      "workerId": -1,
      "startTime": 1682298856672
    },
    {
      "type": "build_line",
      "endTime": 1682298856726,
      "status": "closed",
      "children": [],
      "name": "overallTime",
      "taskName": "default@CompileJS",
      "taskPath": "entry",
      "workerId": -1,
      "startTime": 1682298856722
    },
    {
      "type": "build_line",
      "endTime": 1682298860932,
      "status": "closed",
      "children": [],
      "name": "overallTime",
      "taskName": "default@CompileArkTS",
      "taskPath": "entry",
      "workerId": 0,
      "startTime": 1682298856720
    },
    {
      "type": "default",
      "endTime": 1682298860932,
      "status": "closed",
      "children": [
        {
          "type": "build_line",
          "endTime": 1682298860932,
          "status": "closed",
          "children": [],
          "name": "overallTime",
          "taskName": "default@CompileArkTS",
          "taskPath": "entry",
          "workerId": 0,
          "startTime": 1682298856720
        }
      ],
      "name": "overallTime",
      "taskName": "default@CompileArkTS",
      "taskPath": "entry",
      "workerId": -1,
      "startTime": 1682298856697
    },
    {
      "type": "build_line",
      "endTime": 1682298861307,
      "status": "closed",
      "children": [],
      "name": "overallTime",
      "taskName": "default@PackageHap",
      "taskPath": "entry",
      "workerId": 0,
      "startTime": 1682298860943
    },
    {
      "type": "default",
      "endTime": 1682298861307,
      "status": "closed",
      "children": [
        {
          "type": "build_line",
          "endTime": 1682298861307,
          "status": "closed",
          "children": [],
          "name": "overallTime",
          "taskName": "default@PackageHap",
          "taskPath": "entry",
          "workerId": 0,
          "startTime": 1682298860943
        }
      ],
      "name": "overallTime",
      "taskName": "default@PackageHap",
      "taskPath": "entry",
      "workerId": -1,
      "startTime": 1682298860933
    },
    {
      "type": "build_line",
      "endTime": 1682298861311,
      "status": "closed",
      "children": [],
      "name": "overallTime",
      "taskName": "default@SignHap",
      "taskPath": "entry",
      "workerId": -1,
      "startTime": 1682298861308
    },
    {
      "type": "build_line",
      "endTime": 1682298861311,
      "status": "closed",
      "children": [],
      "name": "overallTime",
      "taskName": "assembleHap",
      "taskPath": "entry",
      "workerId": -1,
      "startTime": 1682298861311
    }
  ],
  "workLog": []
}