{
  "version": "1.0",
  "workerIdList": [
    -1
  ],
  "metrics": [
    {
      "type": "build_line",
      "endTime": 1684762430956,
      "status": "closed",
      "children": [],
      "name": "overallTime",
      "taskName": "default@PreBuild",
      "taskPath": "entry",
      "workerId": -1,
      "startTime": 1684762430953
    },
    {
      "type": "build_line",
      "endTime": 1684762430963,
      "status": "closed",
      "children": [],
      "name": "overallTime",
      "taskName": "default@MergeProfile",
      "taskPath": "entry",
      "workerId": -1,
      "startTime": 1684762430961
    },
    {
      "type": "build_line",
      "endTime": 1684762430964,
      "status": "closed",
      "children": [],
      "name": "overallTime",
      "taskName": "default@GenerateLoaderJson",
      "taskPath": "entry",
      "workerId": -1,
      "startTime": 1684762430963
    },
    {
      "type": "build_line",
      "endTime": 1684762430975,
      "status": "closed",
      "children": [],
      "name": "overallTime",
      "taskName": "default@ProcessProfile",
      "taskPath": "entry",
      "workerId": -1,
      "startTime": 1684762430974
    },
    {
      "type": "build_line",
      "endTime": 1684762430985,
      "status": "closed",
      "children": [],
      "name": "overallTime",
      "taskName": "default@PreviewProcessResource",
      "taskPath": "entry",
      "workerId": -1,
      "startTime": 1684762430975
    },
    {
      "type": "build_line",
      "endTime": 1684762431269,
      "status": "closed",
      "children": [],
      "name": "overallTime",
      "taskName": "default@PreviewCompileResource",
      "taskPath": "entry",
      "workerId": -1,
      "startTime": 1684762430987
    },
    {
      "type": "build_line",
      "endTime": 1684762431269,
      "status": "closed",
      "children": [],
      "name": "overallTime",
      "taskName": "default@PreviewHookCompileResource",
      "taskPath": "entry",
      "workerId": -1,
      "startTime": 1684762431269
    },
    {
      "type": "build_line",
      "endTime": 1684762431278,
      "status": "closed",
      "children": [],
      "name": "overallTime",
      "taskName": "default@ReplacePreviewerPage",
      "taskPath": "entry",
      "workerId": -1,
      "startTime": 1684762431274
    },
    {
      "type": "build_line",
      "endTime": 1684762431279,
      "status": "closed",
      "children": [],
      "name": "overallTime",
      "taskName": "buildPreviewerResource",
      "taskPath": "entry",
      "workerId": -1,
      "startTime": 1684762431279
    }
  ],
  "workLog": []
}