{
  "version": "1.0",
  "workerIdList": [
    -1
  ],
  "metrics": [
    {
      "type": "build_line",
      "endTime": 1682217285196,
      "status": "closed",
      "children": [],
      "name": "overallTime",
      "taskName": "default@LegacyPreBuild",
      "taskPath": "entry",
      "workerId": -1,
      "startTime": 1682217285194
    },
    {
      "type": "build_line",
      "endTime": 1682217285201,
      "status": "closed",
      "children": [],
      "name": "overallTime",
      "taskName": "default@LegacyMergeProfile",
      "taskPath": "entry",
      "workerId": -1,
      "startTime": 1682217285199
    },
    {
      "type": "build_line",
      "endTime": 1682217285204,
      "status": "closed",
      "children": [],
      "name": "overallTime",
      "taskName": "default@LegacyGenerateJsManifest",
      "taskPath": "entry",
      "workerId": -1,
      "startTime": 1682217285202
    },
    {
      "type": "build_line",
      "endTime": 1682217285208,
      "status": "closed",
      "children": [],
      "name": "overallTime",
      "taskName": "default@LegacyGenerateLoaderJson",
      "taskPath": "entry",
      "workerId": -1,
      "startTime": 1682217285205
    },
    {
      "type": "build_line",
      "endTime": 1682217285296,
      "status": "closed",
      "children": [],
      "name": "overallTime",
      "taskName": "default@LegacyProcessProfile",
      "taskPath": "entry",
      "workerId": -1,
      "startTime": 1682217285209
    },
    {
      "type": "build_line",
      "endTime": 1682217285300,
      "status": "closed",
      "children": [],
      "name": "overallTime",
      "taskName": "default@LegacyPreviewProcessResource",
      "taskPath": "entry",
      "workerId": -1,
      "startTime": 1682217285297
    },
    {
      "type": "build_line",
      "endTime": 1682217285411,
      "status": "closed",
      "children": [],
      "name": "overallTime",
      "taskName": "default@LegacyPreviewCompileResource",
      "taskPath": "entry",
      "workerId": -1,
      "startTime": 1682217285301
    },
    {
      "type": "build_line",
      "endTime": 1682217285412,
      "status": "closed",
      "children": [],
      "name": "overallTime",
      "taskName": "default@LegacyHookCompileResource",
      "taskPath": "entry",
      "workerId": -1,
      "startTime": 1682217285411
    },
    {
      "type": "build_line",
      "endTime": 1682217285412,
      "status": "closed",
      "children": [],
      "name": "overallTime",
      "taskName": "buildPreviewerResource",
      "taskPath": "entry",
      "workerId": -1,
      "startTime": 1682217285412
    }
  ],
  "workLog": []
}