{"C:\\Users\\LiuJunshan\\Desktop\\new\\harmonybetterweather\\AppScope\\app.json5":{"hashValue":"eef6cc34e7c653defdba1bbfb3bd9b67","name":"app.json5","path":"C:\\Users\\LiuJunshan\\Desktop\\new\\harmonybetterweather\\AppScope\\app.json5","type":"file","isSymbolicLink":false,"fileMetaData":{"size":266,"lastModifiedTime":1683025493000}},"C:\\Users\\LiuJunshan\\Desktop\\new\\harmonybetterweather\\entry\\src\\main\\module.json5":{"hashValue":"a1b0fbaa2decbccee0c9c5a4d60e4219","name":"module.json5","path":"C:\\Users\\LiuJunshan\\Desktop\\new\\harmonybetterweather\\entry\\src\\main\\module.json5","type":"file","isSymbolicLink":false,"fileMetaData":{"size":1018,"lastModifiedTime":1683025493000}},"C:\\Users\\LiuJunshan\\Desktop\\new\\harmonybetterweather\\entry\\.preview\\default\\intermediates\\merge_profile\\default\\module.json":{"hashValue":"2272d2e799f55b7dd4531f7812f6f92d","name":"module.json","path":"C:\\Users\\LiuJunshan\\Desktop\\new\\harmonybetterweather\\entry\\.preview\\default\\intermediates\\merge_profile\\default\\module.json","type":"file","isSymbolicLink":false,"fileMetaData":{"size":1173,"lastModifiedTime":1684759756285}},"C:\\Users\\LiuJunshan\\Desktop\\new\\harmonybetterweather\\entry\\.preview\\default\\intermediates\\loader\\default\\loader.json":{"hashValue":"4da3cb3943e8fba64dfa99fa8704b71e","name":"loader.json","path":"C:\\Users\\LiuJunshan\\Desktop\\new\\harmonybetterweather\\entry\\.preview\\default\\intermediates\\loader\\default\\loader.json","type":"file","isSymbolicLink":false,"fileMetaData":{"size":352,"lastModifiedTime":1684759756288}},"C:\\Users\\LiuJunshan\\Desktop\\new\\harmonybetterweather\\entry\\.preview\\default\\intermediates\\process_profile\\default\\module.json":{"hashValue":"bec02cd1c57e5603734747c63bffb33c","name":"module.json","path":"C:\\Users\\LiuJunshan\\Desktop\\new\\harmonybetterweather\\entry\\.preview\\default\\intermediates\\process_profile\\default\\module.json","type":"file","isSymbolicLink":false,"fileMetaData":{"size":1236,"lastModifiedTime":1684759756399}},"C:\\Users\\LiuJunshan\\Desktop\\new\\harmonybetterweather\\entry\\src\\main\\resources":{"hashValue":"6a2e7ff2a36d6809414470ab7d081a5e","name":"resources","path":"C:\\Users\\LiuJunshan\\Desktop\\new\\harmonybetterweather\\entry\\src\\main\\resources","type":"directory","isSymbolicLink":false,"children":[{"hashValue":"c13571d5f25977278c047a8db925650b","name":"base","path":"C:\\Users\\LiuJunshan\\Desktop\\new\\harmonybetterweather\\entry\\src\\main\\resources\\base","type":"directory","isSymbolicLink":false,"children":[{"hashValue":"ca5044a6d30bce92d3b4ec01efddb93a","name":"element","path":"C:\\Users\\LiuJunshan\\Desktop\\new\\harmonybetterweather\\entry\\src\\main\\resources\\base\\element","type":"directory","isSymbolicLink":false,"children":[{"hashValue":"f6c9482208bfec6cef3ab4f9a2136737","name":"color.json","path":"C:\\Users\\LiuJunshan\\Desktop\\new\\harmonybetterweather\\entry\\src\\main\\resources\\base\\element\\color.json","type":"file","isSymbolicLink":false,"fileMetaData":{"size":105,"lastModifiedTime":1683025493000}},{"hashValue":"1f425f5a5d6bc3e03c3ba859429be45c","name":"string.json","path":"C:\\Users\\LiuJunshan\\Desktop\\new\\harmonybetterweather\\entry\\src\\main\\resources\\base\\element\\string.json","type":"file","isSymbolicLink":false,"fileMetaData":{"size":271,"lastModifiedTime":1683025493000}}]},{"hashValue":"b99888e94b740d2c259b9293ad388746","name":"media","path":"C:\\Users\\LiuJunshan\\Desktop\\new\\harmonybetterweather\\entry\\src\\main\\resources\\base\\media","type":"directory","isSymbolicLink":false,"children":[{"hashValue":"6a029bdbc85b2d76b903a946fbffc6b6","name":"building.png","path":"C:\\Users\\LiuJunshan\\Desktop\\new\\harmonybetterweather\\entry\\src\\main\\resources\\base\\media\\building.png","type":"file","isSymbolicLink":false,"fileMetaData":{"size":1060,"lastModifiedTime":1683025493000}},{"hashValue":"31cd668e00793bb4947ee7db14e8c38f","name":"dots.png","path":"C:\\Users\\LiuJunshan\\Desktop\\new\\harmonybetterweather\\entry\\src\\main\\resources\\base\\media\\dots.png","type":"file","isSymbolicLink":false,"fileMetaData":{"size":7312,"lastModifiedTime":1683025493000}},{"hashValue":"45bfdab4f28c1eb99885cf769836b7b3","name":"icon.png","path":"C:\\Users\\LiuJunshan\\Desktop\\new\\harmonybetterweather\\entry\\src\\main\\resources\\base\\media\\icon.png","type":"file","isSymbolicLink":false,"fileMetaData":{"size":21253,"lastModifiedTime":1683025493000}},{"hashValue":"e7839c6fd531ea677047e5d02d2296e6","name":"icon1.png","path":"C:\\Users\\LiuJunshan\\Desktop\\new\\harmonybetterweather\\entry\\src\\main\\resources\\base\\media\\icon1.png","type":"file","isSymbolicLink":false,"fileMetaData":{"size":6790,"lastModifiedTime":1683025493000}},{"hashValue":"7bb9f37a857dc21f8db0c02df5d235d2","name":"magnifier.png","path":"C:\\Users\\LiuJunshan\\Desktop\\new\\harmonybetterweather\\entry\\src\\main\\resources\\base\\media\\magnifier.png","type":"file","isSymbolicLink":false,"fileMetaData":{"size":8167,"lastModifiedTime":1683025493000}},{"hashValue":"2168f921f22cc004bae64ec980a4f5a7","name":"trash.png","path":"C:\\Users\\LiuJunshan\\Desktop\\new\\harmonybetterweather\\entry\\src\\main\\resources\\base\\media\\trash.png","type":"file","isSymbolicLink":false,"fileMetaData":{"size":4537,"lastModifiedTime":1683025493000}}]},{"hashValue":"54026cab8c8ed13f6f7d98ce3c252992","name":"profile","path":"C:\\Users\\LiuJunshan\\Desktop\\new\\harmonybetterweather\\entry\\src\\main\\resources\\base\\profile","type":"directory","isSymbolicLink":false,"children":[{"hashValue":"01d895a12487c9b7a54d6d021c1a9cf6","name":"main_pages.json","path":"C:\\Users\\LiuJunshan\\Desktop\\new\\harmonybetterweather\\entry\\src\\main\\resources\\base\\profile\\main_pages.json","type":"file","isSymbolicLink":false,"fileMetaData":{"size":59,"lastModifiedTime":1683025493000}}]}]},{"hashValue":"decfcf27daa57ddccb7cd0c0ec8c3693","name":"en_US","path":"C:\\Users\\LiuJunshan\\Desktop\\new\\harmonybetterweather\\entry\\src\\main\\resources\\en_US","type":"directory","isSymbolicLink":false,"children":[{"hashValue":"3544282e46c7616828078a252f6fdee6","name":"element","path":"C:\\Users\\LiuJunshan\\Desktop\\new\\harmonybetterweather\\entry\\src\\main\\resources\\en_US\\element","type":"directory","isSymbolicLink":false,"children":[{"hashValue":"1f425f5a5d6bc3e03c3ba859429be45c","name":"string.json","path":"C:\\Users\\LiuJunshan\\Desktop\\new\\harmonybetterweather\\entry\\src\\main\\resources\\en_US\\element\\string.json","type":"file","isSymbolicLink":false,"fileMetaData":{"size":271,"lastModifiedTime":1683025493000}}]}]},{"hashValue":"24715ded0b9e97e4db442ae22625323e","name":"zh_CN","path":"C:\\Users\\LiuJunshan\\Desktop\\new\\harmonybetterweather\\entry\\src\\main\\resources\\zh_CN","type":"directory","isSymbolicLink":false,"children":[{"hashValue":"6020659ea29be24723bf67d7a98ada52","name":"element","path":"C:\\Users\\LiuJunshan\\Desktop\\new\\harmonybetterweather\\entry\\src\\main\\resources\\zh_CN\\element","type":"directory","isSymbolicLink":false,"children":[{"hashValue":"6c4c2605e6aaa20a354705387d1217ae","name":"string.json","path":"C:\\Users\\LiuJunshan\\Desktop\\new\\harmonybetterweather\\entry\\src\\main\\resources\\zh_CN\\element\\string.json","type":"file","isSymbolicLink":false,"fileMetaData":{"size":265,"lastModifiedTime":1683025493000}}]}]}]},"C:\\Users\\LiuJunshan\\Desktop\\new\\harmonybetterweather\\AppScope\\resources":{"hashValue":"2bfde5888405f93b1c1f469a44c26fb1","name":"resources","path":"C:\\Users\\LiuJunshan\\Desktop\\new\\harmonybetterweather\\AppScope\\resources","type":"directory","isSymbolicLink":false,"children":[{"hashValue":"c2655b409a48de77945a1607dda97133","name":"base","path":"C:\\Users\\LiuJunshan\\Desktop\\new\\harmonybetterweather\\AppScope\\resources\\base","type":"directory","isSymbolicLink":false,"children":[{"hashValue":"5e81e83b79ce9151d080f5dabeabfd2a","name":"element","path":"C:\\Users\\LiuJunshan\\Desktop\\new\\harmonybetterweather\\AppScope\\resources\\base\\element","type":"directory","isSymbolicLink":false,"children":[{"hashValue":"800882477da7cf4e435a8ef9fc7c128e","name":"string.json","path":"C:\\Users\\LiuJunshan\\Desktop\\new\\harmonybetterweather\\AppScope\\resources\\base\\element\\string.json","type":"file","isSymbolicLink":false,"fileMetaData":{"size":99,"lastModifiedTime":1683025493000}}]},{"hashValue":"5bd22d73ea08b8e9a1923f147ef02cbd","name":"media","path":"C:\\Users\\LiuJunshan\\Desktop\\new\\harmonybetterweather\\AppScope\\resources\\base\\media","type":"directory","isSymbolicLink":false,"children":[{"hashValue":"1111f1c95982f7baf6ec087d4cc9612f","name":"app_icon.png","path":"C:\\Users\\LiuJunshan\\Desktop\\new\\harmonybetterweather\\AppScope\\resources\\base\\media\\app_icon.png","type":"file","isSymbolicLink":false,"fileMetaData":{"size":6790,"lastModifiedTime":1683025493000}}]}]}]},"C:\\Users\\LiuJunshan\\Desktop\\new\\harmonybetterweather\\entry\\.preview\\default\\intermediates\\res\\default":{"hashValue":"cd62072541d9b7b83ec2985d0b6da24b","name":"default","path":"C:\\Users\\LiuJunshan\\Desktop\\new\\harmonybetterweather\\entry\\.preview\\default\\intermediates\\res\\default","type":"directory","isSymbolicLink":false,"children":[{"hashValue":"7e07adde58617862931ef0ba47452496","name":"app_compiled","path":"C:\\Users\\LiuJunshan\\Desktop\\new\\harmonybetterweather\\entry\\.preview\\default\\intermediates\\res\\default\\app_compiled","type":"directory","isSymbolicLink":false,"children":[{"hashValue":"b7ffeda372d3105613f8b4a69ac21846","name":"11786817149244408303","path":"C:\\Users\\LiuJunshan\\Desktop\\new\\harmonybetterweather\\entry\\.preview\\default\\intermediates\\res\\default\\app_compiled\\11786817149244408303","type":"file","isSymbolicLink":false,"fileMetaData":{"size":230,"lastModifiedTime":1684762431046}},{"hashValue":"5b48608c9797b8eb4900411672816e58","name":"11877085778928787914","path":"C:\\Users\\LiuJunshan\\Desktop\\new\\harmonybetterweather\\entry\\.preview\\default\\intermediates\\res\\default\\app_compiled\\11877085778928787914","type":"file","isSymbolicLink":false,"fileMetaData":{"size":145,"lastModifiedTime":1684762431045}}]},{"hashValue":"f7188c620693118e4216890df0f59347","name":"module_compiled","path":"C:\\Users\\LiuJunshan\\Desktop\\new\\harmonybetterweather\\entry\\.preview\\default\\intermediates\\res\\default\\module_compiled","type":"directory","isSymbolicLink":false,"children":[{"hashValue":"4e900c669bcc3b981aaff971651cccef","name":"1073542952557777528","path":"C:\\Users\\LiuJunshan\\Desktop\\new\\harmonybetterweather\\entry\\.preview\\default\\intermediates\\res\\default\\module_compiled\\1073542952557777528","type":"file","isSymbolicLink":false,"fileMetaData":{"size":479,"lastModifiedTime":1684762431199}},{"hashValue":"7c42efad06b38d66d4ce5789020da715","name":"12385237882160203444","path":"C:\\Users\\LiuJunshan\\Desktop\\new\\harmonybetterweather\\entry\\.preview\\default\\intermediates\\res\\default\\module_compiled\\12385237882160203444","type":"file","isSymbolicLink":false,"fileMetaData":{"size":245,"lastModifiedTime":1684762431201}},{"hashValue":"e86ad19013abf1aac62a2fb5312066c9","name":"15986686834293759187","path":"C:\\Users\\LiuJunshan\\Desktop\\new\\harmonybetterweather\\entry\\.preview\\default\\intermediates\\res\\default\\module_compiled\\15986686834293759187","type":"file","isSymbolicLink":false,"fileMetaData":{"size":255,"lastModifiedTime":1684762431202}},{"hashValue":"aaa5c986279ecbf8d8da40b78575e534","name":"16453778731710485004","path":"C:\\Users\\LiuJunshan\\Desktop\\new\\harmonybetterweather\\entry\\.preview\\default\\intermediates\\res\\default\\module_compiled\\16453778731710485004","type":"file","isSymbolicLink":false,"fileMetaData":{"size":527,"lastModifiedTime":1684762431210}},{"hashValue":"0c365d47e2c1b1ebdcf4c45f82ad4cd4","name":"16901177736180273489","path":"C:\\Users\\LiuJunshan\\Desktop\\new\\harmonybetterweather\\entry\\.preview\\default\\intermediates\\res\\default\\module_compiled\\16901177736180273489","type":"file","isSymbolicLink":false,"fileMetaData":{"size":533,"lastModifiedTime":1684762431204}},{"hashValue":"520d27d3ea81c711640d048026dce16b","name":"17698008939337826564","path":"C:\\Users\\LiuJunshan\\Desktop\\new\\harmonybetterweather\\entry\\.preview\\default\\intermediates\\res\\default\\module_compiled\\17698008939337826564","type":"file","isSymbolicLink":false,"fileMetaData":{"size":230,"lastModifiedTime":1684762431200}},{"hashValue":"461964efff07158e964c04f5222bd848","name":"36093317938658441","path":"C:\\Users\\LiuJunshan\\Desktop\\new\\harmonybetterweather\\entry\\.preview\\default\\intermediates\\res\\default\\module_compiled\\36093317938658441","type":"file","isSymbolicLink":false,"fileMetaData":{"size":242,"lastModifiedTime":1684762431200}},{"hashValue":"d45e801264cbbd322682057e067500ef","name":"3645154096513617429","path":"C:\\Users\\LiuJunshan\\Desktop\\new\\harmonybetterweather\\entry\\.preview\\default\\intermediates\\res\\default\\module_compiled\\3645154096513617429","type":"file","isSymbolicLink":false,"fileMetaData":{"size":233,"lastModifiedTime":1684762431202}},{"hashValue":"f9981eafc698ce1e15e2a85f1e0339c2","name":"6368627609477450595","path":"C:\\Users\\LiuJunshan\\Desktop\\new\\harmonybetterweather\\entry\\.preview\\default\\intermediates\\res\\default\\module_compiled\\6368627609477450595","type":"file","isSymbolicLink":false,"fileMetaData":{"size":233,"lastModifiedTime":1684762431201}},{"hashValue":"ceb813dbdd3b689cef8d25860d443e58","name":"9158380018099691568","path":"C:\\Users\\LiuJunshan\\Desktop\\new\\harmonybetterweather\\entry\\.preview\\default\\intermediates\\res\\default\\module_compiled\\9158380018099691568","type":"file","isSymbolicLink":false,"fileMetaData":{"size":159,"lastModifiedTime":1684762431194}},{"hashValue":"0d94430872f707e2db98d28462554f6a","name":"9923542710939436284","path":"C:\\Users\\LiuJunshan\\Desktop\\new\\harmonybetterweather\\entry\\.preview\\default\\intermediates\\res\\default\\module_compiled\\9923542710939436284","type":"file","isSymbolicLink":false,"fileMetaData":{"size":230,"lastModifiedTime":1684762431200}}]},{"hashValue":"396a9a51e01ee76e7e1cd50ff76148ae","name":"module.json","path":"C:\\Users\\LiuJunshan\\Desktop\\new\\harmonybetterweather\\entry\\.preview\\default\\intermediates\\res\\default\\module.json","type":"file","isSymbolicLink":false,"fileMetaData":{"size":2181,"lastModifiedTime":1684762431265}},{"hashValue":"eed6093223032700ed82a571ce516071","name":"resources","path":"C:\\Users\\LiuJunshan\\Desktop\\new\\harmonybetterweather\\entry\\.preview\\default\\intermediates\\res\\default\\resources","type":"directory","isSymbolicLink":false,"children":[{"hashValue":"b112f8092f074e8992125034b2d4e626","name":"base","path":"C:\\Users\\LiuJunshan\\Desktop\\new\\harmonybetterweather\\entry\\.preview\\default\\intermediates\\res\\default\\resources\\base","type":"directory","isSymbolicLink":false,"children":[{"hashValue":"54026cab8c8ed13f6f7d98ce3c252992","name":"profile","path":"C:\\Users\\LiuJunshan\\Desktop\\new\\harmonybetterweather\\entry\\.preview\\default\\intermediates\\res\\default\\resources\\base\\profile","type":"directory","isSymbolicLink":false,"children":[{"hashValue":"01d895a12487c9b7a54d6d021c1a9cf6","name":"main_pages.json","path":"C:\\Users\\LiuJunshan\\Desktop\\new\\harmonybetterweather\\entry\\.preview\\default\\intermediates\\res\\default\\resources\\base\\profile\\main_pages.json","type":"file","isSymbolicLink":false,"fileMetaData":{"size":59,"lastModifiedTime":1683025493000}}]}]}]},{"hashValue":"22e1af3b9954d87d8f468045faf97beb","name":"resources.index","path":"C:\\Users\\LiuJunshan\\Desktop\\new\\harmonybetterweather\\entry\\.preview\\default\\intermediates\\res\\default\\resources.index","type":"file","isSymbolicLink":false,"fileMetaData":{"size":1881,"lastModifiedTime":1684762431265}},{"hashValue":"ef893a3afd05ec8380d86b9ecf1d0649","name":"ResourceTable.txt","path":"C:\\Users\\LiuJunshan\\Desktop\\new\\harmonybetterweather\\entry\\.preview\\default\\intermediates\\res\\default\\ResourceTable.txt","type":"file","isSymbolicLink":false,"fileMetaData":{"size":369,"lastModifiedTime":1684762431266}}]},"C:\\Users\\LiuJunshan\\Desktop\\new\\harmonybetterweather\\entry\\.preview\\default\\generated\\r\\default\\ResourceTable.h":{"hashValue":"9f6e0c7301ef80385d3feb72fc9de09e","name":"ResourceTable.h","path":"C:\\Users\\LiuJunshan\\Desktop\\new\\harmonybetterweather\\entry\\.preview\\default\\generated\\r\\default\\ResourceTable.h","type":"file","isSymbolicLink":false,"fileMetaData":{"size":1296,"lastModifiedTime":1684762431266}},"C:\\Users\\LiuJunshan\\Desktop\\new\\harmonybetterweather\\entry\\.preview\\default\\generated\\r\\default":{"hashValue":"65483d9adf517e50d4e05ecc553985ff","name":"default","path":"C:\\Users\\LiuJunshan\\Desktop\\new\\harmonybetterweather\\entry\\.preview\\default\\generated\\r\\default","type":"directory","isSymbolicLink":false,"children":[{"hashValue":"9f6e0c7301ef80385d3feb72fc9de09e","name":"ResourceTable.h","path":"C:\\Users\\LiuJunshan\\Desktop\\new\\harmonybetterweather\\entry\\.preview\\default\\generated\\r\\default\\ResourceTable.h","type":"file","isSymbolicLink":false,"fileMetaData":{"size":1296,"lastModifiedTime":1684762431266}}]},"{\"commandList\":[\"C:\\\\Users\\\\LiuJunshan\\\\AppData\\\\Local\\\\Huawei\\\\Sdk\\\\openharmony\\\\9\\\\toolchains\\\\restool.exe\",\"-m\",\"entry\",\"-f\",\"-j\",\"C:\\\\Users\\\\LiuJunshan\\\\Desktop\\\\new\\\\harmonybetterweather\\\\entry\\\\.preview\\\\default\\\\intermediates\\\\process_profile\\\\default\\\\module.json\",\"-p\",\"work.twradio.betterweather\",\"-o\",\"C:\\\\Users\\\\LiuJunshan\\\\Desktop\\\\new\\\\harmonybetterweather\\\\entry\\\\.preview\\\\default\\\\intermediates\\\\res\\\\default\",\"-r\",\"C:\\\\Users\\\\LiuJunshan\\\\Desktop\\\\new\\\\harmonybetterweather\\\\entry\\\\.preview\\\\default\\\\generated\\\\r\\\\default\\\\ResourceTable.h\"],\"inputFiles\":{\"_group\":{}},\"outputFiles\":{\"_group\":{}},\"existsResourceDir\":true,\"restoolLinkParamObj\":{\"appScopeResources\":\"C:\\\\Users\\\\LiuJunshan\\\\Desktop\\\\new\\\\harmonybetterweather\\\\AppScope\\\\resources\",\"moduleResourcesMap\":{},\"harResourcesMap\":{},\"outputPath\":\"C:\\\\Users\\\\LiuJunshan\\\\Desktop\\\\new\\\\harmonybetterweather\\\\entry\\\\.preview\\\\default\\\\intermediates\\\\res\\\\default\",\"linkCommand\":[\"C:\\\\Users\\\\LiuJunshan\\\\AppData\\\\Local\\\\Huawei\\\\Sdk\\\\openharmony\\\\9\\\\toolchains\\\\restool.exe\",\"-m\",\"entry\",\"-f\",\"-j\",\"C:\\\\Users\\\\LiuJunshan\\\\Desktop\\\\new\\\\harmonybetterweather\\\\entry\\\\.preview\\\\default\\\\intermediates\\\\process_profile\\\\default\\\\module.json\",\"-p\",\"work.twradio.betterweather\",\"-r\",\"C:\\\\Users\\\\LiuJunshan\\\\Desktop\\\\new\\\\harmonybetterweather\\\\entry\\\\.preview\\\\default\\\\generated\\\\r\\\\default\\\\ResourceTable.h\",\"-z\"]}}":{"hashValue":"","name":"emptyroot","path":"","type":"unknown","isSymbolicLink":false,"children":[]}}