{":harmonybetterweather:entry:default@PreBuild":{"_inputs":[{"dataType":"ValueEntry","value":"{\"_name\":\"BUILTIN_TASK_COMMAND\",\"_value\":\"\",\"_valueType\":\"string\",\"_hash\":\"0b5d05294fdf4e78e8482ef53eb64ac0\"}"},{"dataType":"ValueEntry","value":"{\"_name\":\"BUILTIN_TASK_ENV\",\"_value\":\"\",\"_valueType\":\"string\",\"_hash\":\"cdcdc2ec8062ca9ec1de46dbf2bbc053\"}"},{"dataType":"ValueEntry","value":"{\"_name\":\"BUILTIN_TASK_TOOLCHAIN\",\"_value\":\"\",\"_valueType\":\"string\",\"_hash\":\"e7f94a9422a8bc317a7d90b58efcb5f6\"}"},{"dataType":"ValueEntry","value":"{\"_name\":\"apiType\",\"_value\":\"stageMode\",\"_valueType\":\"string\",\"_hash\":\"699c7565645ea3ea8c88551a4926a3d5\"}"},{"dataType":"ValueEntry","value":"{\"_name\":\"compatibleApiVersion\",\"_value\":9,\"_valueType\":\"number\",\"_hash\":\"8f14da7cda665d5f6676adf8a127634f\"}"},{"dataType":"ValueEntry","value":"{\"_name\":\"compileApiVersion\",\"_value\":9,\"_valueType\":\"number\",\"_hash\":\"cdd5413832c7470f85f225c67a87a683\"}"},{"dataType":"ValueEntry","value":"{\"_name\":\"isESModule\",\"_value\":false,\"_valueType\":\"boolean\",\"_hash\":\"a3b4105df5ea73f0f03c34815c0c4cb8\"}"},{"dataType":"ValueEntry","value":"{\"_name\":\"moduleType\",\"_value\":\"entry\",\"_valueType\":\"string\",\"_hash\":\"8916cb1bf82abb4625b640591bdede6a\"}"},{"dataType":"ValueEntry","value":"{\"_name\":\"profileModuleName\",\"_value\":\"entry\",\"_valueType\":\"string\",\"_hash\":\"b174ea6ff5824844dde5ad92f6b3ef2b\"}"},{"dataType":"ValueEntry","value":"{\"_name\":\"sdkToolchainsComponentVersion\",\"_value\":\"3.2.2.6\",\"_valueType\":\"string\",\"_hash\":\"424c5a8b195c70a7201ed6d9826108fe\"}"},{"dataType":"ValueEntry","value":"{\"_name\":\"targetStatusCode\",\"_value\":2,\"_valueType\":\"number\",\"_hash\":\"5a9255c0f4ee50904a9349ebafca8369\"}"}],"_successful":true,"_projectName":"harmonybetterweather","_moduleName":"entry","_taskName":"default@PreBuild","_key":":harmonybetterweather:entry:default@PreBuild","_executionId":":harmonybetterweather:entry:default@PreBuild:1684759756175","_inputFiles":{"dataType":"Map","value":[["C:\\Users\\LiuJunshan\\Desktop\\new\\harmonybetterweather\\AppScope\\app.json5",{"isDirectory":false,"fileSnapShotHashValue":"eef6cc34e7c653defdba1bbfb3bd9b67"}],["C:\\Users\\LiuJunshan\\Desktop\\new\\harmonybetterweather\\entry\\src\\main\\module.json5",{"isDirectory":false,"fileSnapShotHashValue":"a1b0fbaa2decbccee0c9c5a4d60e4219"}]]},"_outputFiles":{"dataType":"Map","value":[]}},":harmonybetterweather:entry:default@MergeProfile":{"_inputs":[{"dataType":"ValueEntry","value":"{\"_name\":\"BUILTIN_TASK_COMMAND\",\"_value\":\"\",\"_valueType\":\"string\",\"_hash\":\"0b5d05294fdf4e78e8482ef53eb64ac0\"}"},{"dataType":"ValueEntry","value":"{\"_name\":\"BUILTIN_TASK_ENV\",\"_value\":\"\",\"_valueType\":\"string\",\"_hash\":\"cdcdc2ec8062ca9ec1de46dbf2bbc053\"}"},{"dataType":"ValueEntry","value":"{\"_name\":\"BUILTIN_TASK_TOOLCHAIN\",\"_value\":\"\",\"_valueType\":\"string\",\"_hash\":\"e7f94a9422a8bc317a7d90b58efcb5f6\"}"},{"dataType":"ValueEntry","value":"{\"_name\":\"buildRoot\",\"_value\":\".preview\",\"_valueType\":\"string\",\"_hash\":\"88e9a315669657b02bc470a13f92befe\"}"},{"dataType":"ValueEntry","value":"{\"_name\":\"compatibleSdkVersion\",\"_value\":9,\"_valueType\":\"number\",\"_hash\":\"789a8631987a2e2b1a03b001c78d0180\"}"},{"dataType":"ValueEntry","value":"{\"_name\":\"isDebug\",\"_value\":true,\"_valueType\":\"boolean\",\"_hash\":\"edbf05a2d2be2c385e75d9565a48d419\"}"},{"dataType":"ValueEntry","value":"{\"_name\":\"isHarModule\",\"_value\":false,\"_valueType\":\"boolean\",\"_hash\":\"a15b7a3ed818faa99a4a10d67f52cb72\"}"},{"dataType":"ValueEntry","value":"{\"_name\":\"multiProjects\",\"_value\":false,\"_valueType\":\"boolean\",\"_hash\":\"555604752defc243b4e4c55d1549fc06\"}"},{"dataType":"ValueEntry","value":"{\"_name\":\"releaseType\",\"_value\":\"Beta1\",\"_valueType\":\"string\",\"_hash\":\"1a006c1958194950c056f6e6aa5438b0\"}"},{"dataType":"ValueEntry","value":"{\"_name\":\"targetSdkVersion\",\"_value\":9,\"_valueType\":\"number\",\"_hash\":\"09b2bdc967d8b97f7b9bf4f19735497e\"}"}],"_successful":true,"_projectName":"harmonybetterweather","_moduleName":"entry","_taskName":"default@MergeProfile","_key":":harmonybetterweather:entry:default@MergeProfile","_executionId":":harmonybetterweather:entry:default@MergeProfile:1684759756279","_inputFiles":{"dataType":"Map","value":[["C:\\Users\\LiuJunshan\\Desktop\\new\\harmonybetterweather\\AppScope\\app.json5",{"fileSnapShotHashValue":"eef6cc34e7c653defdba1bbfb3bd9b67"}],["C:\\Users\\LiuJunshan\\Desktop\\new\\harmonybetterweather\\entry\\src\\main\\module.json5",{"fileSnapShotHashValue":"a1b0fbaa2decbccee0c9c5a4d60e4219"}]]},"_outputFiles":{"dataType":"Map","value":[["C:\\Users\\LiuJunshan\\Desktop\\new\\harmonybetterweather\\entry\\.preview\\default\\intermediates\\merge_profile\\default\\module.json",{"fileSnapShotHashValue":"2272d2e799f55b7dd4531f7812f6f92d"}]]}},":harmonybetterweather:entry:default@GenerateLoaderJson":{"_inputs":[{"dataType":"ValueEntry","value":"{\"_name\":\"BUILTIN_TASK_COMMAND\",\"_value\":\"\",\"_valueType\":\"string\",\"_hash\":\"0b5d05294fdf4e78e8482ef53eb64ac0\"}"},{"dataType":"ValueEntry","value":"{\"_name\":\"BUILTIN_TASK_ENV\",\"_value\":\"\",\"_valueType\":\"string\",\"_hash\":\"cdcdc2ec8062ca9ec1de46dbf2bbc053\"}"},{"dataType":"ValueEntry","value":"{\"_name\":\"BUILTIN_TASK_TOOLCHAIN\",\"_value\":\"\",\"_valueType\":\"string\",\"_hash\":\"e7f94a9422a8bc317a7d90b58efcb5f6\"}"},{"dataType":"ValueEntry","value":"{\"_name\":\"compileMode\",\"_value\":\"jsbundle\",\"_valueType\":\"string\",\"_hash\":\"36f3218158f6edc08db68a4571be0e00\"}"},{"dataType":"ValueEntry","value":"{\"_name\":\"modulePathMap\",\"_value\":\"{\\\"entry\\\":\\\"C:\\\\\\\\Users\\\\\\\\LiuJunshan\\\\\\\\Desktop\\\\\\\\new\\\\\\\\harmonybetterweather\\\\\\\\entry\\\"}\",\"_valueType\":\"string\",\"_hash\":\"ef42daeb529d27faf80403941f0153b5\"}"},{"dataType":"ValueEntry","value":"{\"_name\":\"nodeModulesPath\",\"_value\":\"C:\\\\Users\\\\LiuJunshan\\\\Desktop\\\\new\\\\harmonybetterweather\\\\entry\\\\.preview\\\\default\\\\intermediates\\\\loader_out\\\\default\\\\node_modules\",\"_valueType\":\"string\",\"_hash\":\"0016c7cda7f632ad66f92acd405775bf\"}"},{"dataType":"ValueEntry","value":"{\"_name\":\"projectRootPath\",\"_value\":\"C:\\\\Users\\\\LiuJunshan\\\\Desktop\\\\new\\\\harmonybetterweather\",\"_valueType\":\"string\",\"_hash\":\"c169fc8691c1c187c9376234cad668a3\"}"},{"dataType":"ValueEntry","value":"{\"_name\":\"targetConfig\",\"_value\":\"{\\\"name\\\":\\\"default\\\",\\\"runtimeOS\\\":\\\"HarmonyOS\\\"}\",\"_valueType\":\"string\",\"_hash\":\"96bcd83382fb082c731eedf7bc0cf1dc\"}"}],"_successful":true,"_projectName":"harmonybetterweather","_moduleName":"entry","_taskName":"default@GenerateLoaderJson","_key":":harmonybetterweather:entry:default@GenerateLoaderJson","_executionId":":harmonybetterweather:entry:default@GenerateLoaderJson:1684759756286","_inputFiles":{"dataType":"Map","value":[]},"_outputFiles":{"dataType":"Map","value":[["C:\\Users\\LiuJunshan\\Desktop\\new\\harmonybetterweather\\entry\\.preview\\default\\intermediates\\loader\\default\\loader.json",{"isDirectory":false,"fileSnapShotHashValue":"4da3cb3943e8fba64dfa99fa8704b71e"}]]}},":harmonybetterweather:entry:default@ProcessProfile":{"_inputs":[{"dataType":"ValueEntry","value":"{\"_name\":\"BUILTIN_TASK_COMMAND\",\"_value\":\"\",\"_valueType\":\"string\",\"_hash\":\"0b5d05294fdf4e78e8482ef53eb64ac0\"}"},{"dataType":"ValueEntry","value":"{\"_name\":\"BUILTIN_TASK_ENV\",\"_value\":\"\",\"_valueType\":\"string\",\"_hash\":\"cdcdc2ec8062ca9ec1de46dbf2bbc053\"}"},{"dataType":"ValueEntry","value":"{\"_name\":\"BUILTIN_TASK_TOOLCHAIN\",\"_value\":\"\",\"_valueType\":\"string\",\"_hash\":\"e7f94a9422a8bc317a7d90b58efcb5f6\"}"},{"dataType":"ValueEntry","value":"{\"_name\":\"arkEnable\",\"_value\":true,\"_valueType\":\"boolean\",\"_hash\":\"750b4bda198545a67903dfb3f6a00a95\"}"},{"dataType":"ValueEntry","value":"{\"_name\":\"compileMode\",\"_value\":\"jsbundle\",\"_valueType\":\"string\",\"_hash\":\"36f3218158f6edc08db68a4571be0e00\"}"},{"dataType":"ValueEntry","value":"{\"_name\":\"deviceTypes\",\"_value\":[\"phone\"],\"_valueType\":\"object\",\"_hash\":\"bad57feb108b0c386255b211cb9b3622\"}"}],"_successful":true,"_projectName":"harmonybetterweather","_moduleName":"entry","_taskName":"default@ProcessProfile","_key":":harmonybetterweather:entry:default@ProcessProfile","_executionId":":harmonybetterweather:entry:default@ProcessProfile:1684759756288","_inputFiles":{"dataType":"Map","value":[["C:\\Users\\LiuJunshan\\Desktop\\new\\harmonybetterweather\\entry\\.preview\\default\\intermediates\\merge_profile\\default\\module.json",{"fileSnapShotHashValue":"2272d2e799f55b7dd4531f7812f6f92d"}]]},"_outputFiles":{"dataType":"Map","value":[["C:\\Users\\LiuJunshan\\Desktop\\new\\harmonybetterweather\\entry\\.preview\\default\\intermediates\\process_profile\\default\\module.json",{"fileSnapShotHashValue":"bec02cd1c57e5603734747c63bffb33c"}]]}},":harmonybetterweather:entry:default@PreviewProcessResource":{"_inputs":[{"dataType":"ValueEntry","value":"{\"_name\":\"previewCompileResourcesCommand\",\"_value\":\"{\\\"commandList\\\":[\\\"C:\\\\\\\\Users\\\\\\\\LiuJunshan\\\\\\\\AppData\\\\\\\\Local\\\\\\\\Huawei\\\\\\\\Sdk\\\\\\\\openharmony\\\\\\\\9\\\\\\\\toolchains\\\\\\\\restool.exe\\\",\\\"-m\\\",\\\"entry\\\",\\\"-f\\\",\\\"-j\\\",\\\"C:\\\\\\\\Users\\\\\\\\LiuJunshan\\\\\\\\Desktop\\\\\\\\new\\\\\\\\harmonybetterweather\\\\\\\\entry\\\\\\\\.preview\\\\\\\\default\\\\\\\\intermediates\\\\\\\\process_profile\\\\\\\\default\\\\\\\\module.json\\\",\\\"-p\\\",\\\"work.twradio.betterweather\\\",\\\"-o\\\",\\\"C:\\\\\\\\Users\\\\\\\\LiuJunshan\\\\\\\\Desktop\\\\\\\\new\\\\\\\\harmonybetterweather\\\\\\\\entry\\\\\\\\.preview\\\\\\\\default\\\\\\\\intermediates\\\\\\\\res\\\\\\\\default\\\",\\\"-r\\\",\\\"C:\\\\\\\\Users\\\\\\\\LiuJunshan\\\\\\\\Desktop\\\\\\\\new\\\\\\\\harmonybetterweather\\\\\\\\entry\\\\\\\\.preview\\\\\\\\default\\\\\\\\generated\\\\\\\\r\\\\\\\\default\\\\\\\\ResourceTable.h\\\"],\\\"inputFiles\\\":{\\\"_group\\\":{}},\\\"outputFiles\\\":{\\\"_group\\\":{}},\\\"existsResourceDir\\\":true,\\\"restoolLinkParamObj\\\":{\\\"appScopeResources\\\":\\\"C:\\\\\\\\Users\\\\\\\\LiuJunshan\\\\\\\\Desktop\\\\\\\\new\\\\\\\\harmonybetterweather\\\\\\\\AppScope\\\\\\\\resources\\\",\\\"moduleResourcesMap\\\":{},\\\"harResourcesMap\\\":{},\\\"outputPath\\\":\\\"C:\\\\\\\\Users\\\\\\\\LiuJunshan\\\\\\\\Desktop\\\\\\\\new\\\\\\\\harmonybetterweather\\\\\\\\entry\\\\\\\\.preview\\\\\\\\default\\\\\\\\intermediates\\\\\\\\res\\\\\\\\default\\\",\\\"linkCommand\\\":[\\\"C:\\\\\\\\Users\\\\\\\\LiuJunshan\\\\\\\\AppData\\\\\\\\Local\\\\\\\\Huawei\\\\\\\\Sdk\\\\\\\\openharmony\\\\\\\\9\\\\\\\\toolchains\\\\\\\\restool.exe\\\",\\\"-m\\\",\\\"entry\\\",\\\"-f\\\",\\\"-j\\\",\\\"C:\\\\\\\\Users\\\\\\\\LiuJunshan\\\\\\\\Desktop\\\\\\\\new\\\\\\\\harmonybetterweather\\\\\\\\entry\\\\\\\\.preview\\\\\\\\default\\\\\\\\intermediates\\\\\\\\process_profile\\\\\\\\default\\\\\\\\module.json\\\",\\\"-p\\\",\\\"work.twradio.betterweather\\\",\\\"-r\\\",\\\"C:\\\\\\\\Users\\\\\\\\LiuJunshan\\\\\\\\Desktop\\\\\\\\new\\\\\\\\harmonybetterweather\\\\\\\\entry\\\\\\\\.preview\\\\\\\\default\\\\\\\\generated\\\\\\\\r\\\\\\\\default\\\\\\\\ResourceTable.h\\\",\\\"-z\\\"]}}\",\"_valueType\":\"string\"}"},{"dataType":"ValueEntry","value":"{\"_name\":\"BUILTIN_TASK_COMMAND\",\"_value\":\"\",\"_valueType\":\"string\"}"},{"dataType":"ValueEntry","value":"{\"_name\":\"BUILTIN_TASK_TOOLCHAIN\",\"_value\":\"\",\"_valueType\":\"string\"}"},{"dataType":"ValueEntry","value":"{\"_name\":\"BUILTIN_TASK_ENV\",\"_value\":\"\",\"_valueType\":\"string\"}"}],"_successful":true,"_projectName":"harmonybetterweather","_moduleName":"entry","_taskName":"default@PreviewProcessResource","_key":":harmonybetterweather:entry:default@PreviewProcessResource","_executionId":":harmonybetterweather:entry:default@PreviewProcessResource:1684762430983","_inputFiles":{"dataType":"Map","value":[]},"_outputFiles":{"dataType":"Map","value":[["{\"commandList\":[\"C:\\\\Users\\\\LiuJunshan\\\\AppData\\\\Local\\\\Huawei\\\\Sdk\\\\openharmony\\\\9\\\\toolchains\\\\restool.exe\",\"-m\",\"entry\",\"-f\",\"-j\",\"C:\\\\Users\\\\LiuJunshan\\\\Desktop\\\\new\\\\harmonybetterweather\\\\entry\\\\.preview\\\\default\\\\intermediates\\\\process_profile\\\\default\\\\module.json\",\"-p\",\"work.twradio.betterweather\",\"-o\",\"C:\\\\Users\\\\LiuJunshan\\\\Desktop\\\\new\\\\harmonybetterweather\\\\entry\\\\.preview\\\\default\\\\intermediates\\\\res\\\\default\",\"-r\",\"C:\\\\Users\\\\LiuJunshan\\\\Desktop\\\\new\\\\harmonybetterweather\\\\entry\\\\.preview\\\\default\\\\generated\\\\r\\\\default\\\\ResourceTable.h\"],\"inputFiles\":{\"_group\":{}},\"outputFiles\":{\"_group\":{}},\"existsResourceDir\":true,\"restoolLinkParamObj\":{\"appScopeResources\":\"C:\\\\Users\\\\LiuJunshan\\\\Desktop\\\\new\\\\harmonybetterweather\\\\AppScope\\\\resources\",\"moduleResourcesMap\":{},\"harResourcesMap\":{},\"outputPath\":\"C:\\\\Users\\\\LiuJunshan\\\\Desktop\\\\new\\\\harmonybetterweather\\\\entry\\\\.preview\\\\default\\\\intermediates\\\\res\\\\default\",\"linkCommand\":[\"C:\\\\Users\\\\LiuJunshan\\\\AppData\\\\Local\\\\Huawei\\\\Sdk\\\\openharmony\\\\9\\\\toolchains\\\\restool.exe\",\"-m\",\"entry\",\"-f\",\"-j\",\"C:\\\\Users\\\\LiuJunshan\\\\Desktop\\\\new\\\\harmonybetterweather\\\\entry\\\\.preview\\\\default\\\\intermediates\\\\process_profile\\\\default\\\\module.json\",\"-p\",\"work.twradio.betterweather\",\"-r\",\"C:\\\\Users\\\\LiuJunshan\\\\Desktop\\\\new\\\\harmonybetterweather\\\\entry\\\\.preview\\\\default\\\\generated\\\\r\\\\default\\\\ResourceTable.h\",\"-z\"]}}",{"isDirectory":false,"fileSnapShotHashValue":""}]]}},":harmonybetterweather:entry:default@PreviewCompileResource":{"_inputs":[{"dataType":"ValueEntry","value":"{\"_name\":\"PREVIEWER_REPLACE_PAGE\",\"_valueType\":\"undefined\"}"},{"dataType":"ValueEntry","value":"{\"_name\":\"PREVIEWER_REPLACE_SRCPATH\",\"_valueType\":\"undefined\"}"},{"dataType":"ValueEntry","value":"{\"_name\":\"TARGET_CONFIG\",\"_value\":\"{\\\"name\\\":\\\"default\\\",\\\"runtimeOS\\\":\\\"HarmonyOS\\\"}\",\"_valueType\":\"string\"}"},{"dataType":"ValueEntry","value":"{\"_name\":\"BUILTIN_TASK_COMMAND\",\"_value\":\"\",\"_valueType\":\"string\"}"},{"dataType":"ValueEntry","value":"{\"_name\":\"BUILTIN_TASK_TOOLCHAIN\",\"_value\":\"C:\\\\Users\\\\LiuJunshan\\\\AppData\\\\Local\\\\Huawei\\\\Sdk\\\\openharmony\\\\9\\\\toolchains\\\\restool.exe\",\"_valueType\":\"string\"}"},{"dataType":"ValueEntry","value":"{\"_name\":\"BUILTIN_TASK_ENV\",\"_value\":\"\",\"_valueType\":\"string\"}"}],"_successful":true,"_projectName":"harmonybetterweather","_moduleName":"entry","_taskName":"default@PreviewCompileResource","_key":":harmonybetterweather:entry:default@PreviewCompileResource","_executionId":":harmonybetterweather:entry:default@PreviewCompileResource:1684762430987","_inputFiles":{"dataType":"Map","value":[["C:\\Users\\LiuJunshan\\Desktop\\new\\harmonybetterweather\\entry\\src\\main\\resources",{"fileSnapShotHashValue":"6a2e7ff2a36d6809414470ab7d081a5e"}],["C:\\Users\\LiuJunshan\\Desktop\\new\\harmonybetterweather\\AppScope\\resources",{"fileSnapShotHashValue":"2bfde5888405f93b1c1f469a44c26fb1"}],["C:\\Users\\LiuJunshan\\Desktop\\new\\harmonybetterweather\\entry\\.preview\\default\\intermediates\\process_profile\\default\\module.json",{"isDirectory":false,"fileSnapShotHashValue":"bec02cd1c57e5603734747c63bffb33c"}]]},"_outputFiles":{"dataType":"Map","value":[["C:\\Users\\LiuJunshan\\Desktop\\new\\harmonybetterweather\\entry\\.preview\\default\\intermediates\\res\\default",{"isDirectory":true,"fileSnapShotHashValue":"cd62072541d9b7b83ec2985d0b6da24b"}],["C:\\Users\\LiuJunshan\\Desktop\\new\\harmonybetterweather\\entry\\.preview\\default\\generated\\r\\default\\ResourceTable.h",{"isDirectory":false,"fileSnapShotHashValue":"9f6e0c7301ef80385d3feb72fc9de09e"}],["C:\\Users\\LiuJunshan\\Desktop\\new\\harmonybetterweather\\entry\\.preview\\default\\generated\\r\\default",{"isDirectory":true,"fileSnapShotHashValue":"65483d9adf517e50d4e05ecc553985ff"}]]}}}