{"E:\\temp\\MyApplication\\AppScope\\app.json5":{"hashValue":"04eca1d0fd457538c078af2c18b83718","name":"app.json5","path":"E:\\temp\\MyApplication\\AppScope\\app.json5","type":"file","isSymbolicLink":false,"fileMetaData":{"size":264,"lastModifiedTime":1682122800267}},"E:\\temp\\MyApplication\\entry\\src\\main\\module.json5":{"hashValue":"786d986f96bfab48e8c2c932bdf2cf8b","name":"module.json5","path":"E:\\temp\\MyApplication\\entry\\src\\main\\module.json5","type":"file","isSymbolicLink":false,"fileMetaData":{"size":1018,"lastModifiedTime":1682129285979}},"E:\\temp\\MyApplication\\entry\\.preview\\default\\intermediates\\merge_profile\\default\\module.json":{"hashValue":"95e9c0db1f506feaaf5a16ab17dd21f0","name":"module.json","path":"E:\\temp\\MyApplication\\entry\\.preview\\default\\intermediates\\merge_profile\\default\\module.json","type":"file","isSymbolicLink":false,"fileMetaData":{"size":1171,"lastModifiedTime":1682154205964}},"E:\\temp\\MyApplication\\entry\\.preview\\default\\intermediates\\loader\\default\\loader.json":{"hashValue":"ec2b7cdeb712ba0d027a331bfcd6b7a1","name":"loader.json","path":"E:\\temp\\MyApplication\\entry\\.preview\\default\\intermediates\\loader\\default\\loader.json","type":"file","isSymbolicLink":false,"fileMetaData":{"size":250,"lastModifiedTime":1682154205969}},"E:\\temp\\MyApplication\\entry\\.preview\\default\\intermediates\\process_profile\\default\\module.json":{"hashValue":"a70468c012ec1220a3826882b70ae924","name":"module.json","path":"E:\\temp\\MyApplication\\entry\\.preview\\default\\intermediates\\process_profile\\default\\module.json","type":"file","isSymbolicLink":false,"fileMetaData":{"size":1234,"lastModifiedTime":1682154206211}},"E:\\temp\\MyApplication\\entry\\src\\main\\resources":{"hashValue":"9bd8074df531f4b6976ccdd586a83b3d","name":"resources","path":"E:\\temp\\MyApplication\\entry\\src\\main\\resources","type":"directory","isSymbolicLink":false,"children":[{"hashValue":"2fc60588a134e201b5a1a0bc877e05b1","name":"base","path":"E:\\temp\\MyApplication\\entry\\src\\main\\resources\\base","type":"directory","isSymbolicLink":false,"children":[{"hashValue":"a7d280032202893c98e81423f384ffda","name":"element","path":"E:\\temp\\MyApplication\\entry\\src\\main\\resources\\base\\element","type":"directory","isSymbolicLink":false,"children":[{"hashValue":"6c9a0daaa6f376909c738915fac9d3e5","name":"color.json","path":"E:\\temp\\MyApplication\\entry\\src\\main\\resources\\base\\element\\color.json","type":"file","isSymbolicLink":false,"fileMetaData":{"size":176,"lastModifiedTime":1682124082800}},{"hashValue":"fc97f4c00666e1122985164e2051ea9e","name":"string.json","path":"E:\\temp\\MyApplication\\entry\\src\\main\\resources\\base\\element\\string.json","type":"file","isSymbolicLink":false,"fileMetaData":{"size":247,"lastModifiedTime":1682123177577}}]},{"hashValue":"4726d1e21f99ca5ceb28bb7c0ed5cd3c","name":"media","path":"E:\\temp\\MyApplication\\entry\\src\\main\\resources\\base\\media","type":"directory","isSymbolicLink":false,"children":[{"hashValue":"0142a6369b615d01f0d5ecf900e79317","name":"icon.png","path":"E:\\temp\\MyApplication\\entry\\src\\main\\resources\\base\\media\\icon.png","type":"file","isSymbolicLink":false,"fileMetaData":{"size":6790,"lastModifiedTime":1682122800533}}]},{"hashValue":"b41dad5dfb2f5698c6925841ff4959e9","name":"profile","path":"E:\\temp\\MyApplication\\entry\\src\\main\\resources\\base\\profile","type":"directory","isSymbolicLink":false,"children":[{"hashValue":"13d30702b8a27428b83dc6b9ace2f519","name":"main_pages.json","path":"E:\\temp\\MyApplication\\entry\\src\\main\\resources\\base\\profile\\main_pages.json","type":"file","isSymbolicLink":false,"fileMetaData":{"size":55,"lastModifiedTime":1682125793411}}]}]},{"hashValue":"a6b295e5c7a02c841d0f3a373845bd8c","name":"en_US","path":"E:\\temp\\MyApplication\\entry\\src\\main\\resources\\en_US","type":"directory","isSymbolicLink":false,"children":[{"hashValue":"cac1b58f5b776b6236d62b17b5bc71c8","name":"element","path":"E:\\temp\\MyApplication\\entry\\src\\main\\resources\\en_US\\element","type":"directory","isSymbolicLink":false,"children":[{"hashValue":"5f628d3c9f030db5654af2306f634557","name":"string.json","path":"E:\\temp\\MyApplication\\entry\\src\\main\\resources\\en_US\\element\\string.json","type":"file","isSymbolicLink":false,"fileMetaData":{"size":247,"lastModifiedTime":1682123177565}}]}]},{"hashValue":"","name":"rawfile","path":"E:\\temp\\MyApplication\\entry\\src\\main\\resources\\rawfile","type":"directory","isSymbolicLink":false,"children":[]},{"hashValue":"7220f86bd38dfb45c9a375257a7b66aa","name":"zh_CN","path":"E:\\temp\\MyApplication\\entry\\src\\main\\resources\\zh_CN","type":"directory","isSymbolicLink":false,"children":[{"hashValue":"aa4e085157b6202a2a8dea18bdf5d66b","name":"element","path":"E:\\temp\\MyApplication\\entry\\src\\main\\resources\\zh_CN\\element","type":"directory","isSymbolicLink":false,"children":[{"hashValue":"a7216d7c0c8a82fc14eb137eed71a676","name":"string.json","path":"E:\\temp\\MyApplication\\entry\\src\\main\\resources\\zh_CN\\element\\string.json","type":"file","isSymbolicLink":false,"fileMetaData":{"size":241,"lastModifiedTime":1682123177559}}]}]}]},"E:\\temp\\MyApplication\\AppScope\\resources":{"hashValue":"2d6fd068b7194d6ffa3bef313c0b654f","name":"resources","path":"E:\\temp\\MyApplication\\AppScope\\resources","type":"directory","isSymbolicLink":false,"children":[{"hashValue":"a8ce8d7ebe7721d68bf65b3118c5ff15","name":"base","path":"E:\\temp\\MyApplication\\AppScope\\resources\\base","type":"directory","isSymbolicLink":false,"children":[{"hashValue":"77157cad982ca5d432b9e006fdd25967","name":"element","path":"E:\\temp\\MyApplication\\AppScope\\resources\\base\\element","type":"directory","isSymbolicLink":false,"children":[{"hashValue":"96dca9ebf4795a2da4fc0874183fe48a","name":"string.json","path":"E:\\temp\\MyApplication\\AppScope\\resources\\base\\element\\string.json","type":"file","isSymbolicLink":false,"fileMetaData":{"size":99,"lastModifiedTime":1682122800290}}]},{"hashValue":"8430e835fe0e15365be5b91b9bda1541","name":"media","path":"E:\\temp\\MyApplication\\AppScope\\resources\\base\\media","type":"directory","isSymbolicLink":false,"children":[{"hashValue":"1d684ec8bd80b1b7297512ae117fccf6","name":"app_icon.png","path":"E:\\temp\\MyApplication\\AppScope\\resources\\base\\media\\app_icon.png","type":"file","isSymbolicLink":false,"fileMetaData":{"size":6790,"lastModifiedTime":1682122800281}}]}]}]},"E:\\temp\\MyApplication\\entry\\.preview\\default\\intermediates\\res\\default":{"hashValue":"75e3169210ad5778de17ab88c784e109","name":"default","path":"E:\\temp\\MyApplication\\entry\\.preview\\default\\intermediates\\res\\default","type":"directory","isSymbolicLink":false,"children":[{"hashValue":"4542e67602d2a1c3c82c218428a9aaa5","name":"app_compiled","path":"E:\\temp\\MyApplication\\entry\\.preview\\default\\intermediates\\res\\default\\app_compiled","type":"directory","isSymbolicLink":false,"children":[{"hashValue":"4221e1ea360ae89b06bb3a0aac2a55b8","name":"12219182854353767491","path":"E:\\temp\\MyApplication\\entry\\.preview\\default\\intermediates\\res\\default\\app_compiled\\12219182854353767491","type":"file","isSymbolicLink":false,"fileMetaData":{"size":114,"lastModifiedTime":1682154206392}},{"hashValue":"3078c69ccfd9cad023e3423dc8f30d79","name":"2041404322708615314","path":"E:\\temp\\MyApplication\\entry\\.preview\\default\\intermediates\\res\\default\\app_compiled\\2041404322708615314","type":"file","isSymbolicLink":false,"fileMetaData":{"size":168,"lastModifiedTime":1682154206392}}]},{"hashValue":"ab3325d24128f2af038415c1f93164b9","name":"module_compiled","path":"E:\\temp\\MyApplication\\entry\\.preview\\default\\intermediates\\res\\default\\module_compiled","type":"directory","isSymbolicLink":false,"children":[{"hashValue":"80b295f605aa59d47b365390eb4d2a90","name":"12254244132065605018","path":"E:\\temp\\MyApplication\\entry\\.preview\\default\\intermediates\\res\\default\\module_compiled\\12254244132065605018","type":"file","isSymbolicLink":false,"fileMetaData":{"size":168,"lastModifiedTime":1682154206440}},{"hashValue":"c88c77fc79a70cb4d3367b03cc74cf1f","name":"1572446002594707457","path":"E:\\temp\\MyApplication\\entry\\.preview\\default\\intermediates\\res\\default\\module_compiled\\1572446002594707457","type":"file","isSymbolicLink":false,"fileMetaData":{"size":431,"lastModifiedTime":1682154206441}},{"hashValue":"1afb9dc24c0f97ead03784b4606da2e3","name":"16877816936018729601","path":"E:\\temp\\MyApplication\\entry\\.preview\\default\\intermediates\\res\\default\\module_compiled\\16877816936018729601","type":"file","isSymbolicLink":false,"fileMetaData":{"size":244,"lastModifiedTime":1682154206439}},{"hashValue":"45d1aed17a6a9bbe72832a1e6b9930e5","name":"3910343260137389819","path":"E:\\temp\\MyApplication\\entry\\.preview\\default\\intermediates\\res\\default\\module_compiled\\3910343260137389819","type":"file","isSymbolicLink":false,"fileMetaData":{"size":377,"lastModifiedTime":1682154206439}},{"hashValue":"a778e3919dc03693d85941b7d8662456","name":"463019086648973676","path":"E:\\temp\\MyApplication\\entry\\.preview\\default\\intermediates\\res\\default\\module_compiled\\463019086648973676","type":"file","isSymbolicLink":false,"fileMetaData":{"size":425,"lastModifiedTime":1682154206442}},{"hashValue":"b83162d5c13a042a26a18024b3896e73","name":"7202428942562298762","path":"E:\\temp\\MyApplication\\entry\\.preview\\default\\intermediates\\res\\default\\module_compiled\\7202428942562298762","type":"file","isSymbolicLink":false,"fileMetaData":{"size":193,"lastModifiedTime":1682154206440}}]},{"hashValue":"d551d2c2daca6d0234e10e6f66f93125","name":"module.json","path":"E:\\temp\\MyApplication\\entry\\.preview\\default\\intermediates\\res\\default\\module.json","type":"file","isSymbolicLink":false,"fileMetaData":{"size":2179,"lastModifiedTime":1682154206512}},{"hashValue":"557541438ba13941dd41b3cddd2fe347","name":"resources","path":"E:\\temp\\MyApplication\\entry\\.preview\\default\\intermediates\\res\\default\\resources","type":"directory","isSymbolicLink":false,"children":[{"hashValue":"feb8a9aa50a7548dbd918b2d8dc679a0","name":"base","path":"E:\\temp\\MyApplication\\entry\\.preview\\default\\intermediates\\res\\default\\resources\\base","type":"directory","isSymbolicLink":false,"children":[{"hashValue":"b41dad5dfb2f5698c6925841ff4959e9","name":"profile","path":"E:\\temp\\MyApplication\\entry\\.preview\\default\\intermediates\\res\\default\\resources\\base\\profile","type":"directory","isSymbolicLink":false,"children":[{"hashValue":"13d30702b8a27428b83dc6b9ace2f519","name":"main_pages.json","path":"E:\\temp\\MyApplication\\entry\\.preview\\default\\intermediates\\res\\default\\resources\\base\\profile\\main_pages.json","type":"file","isSymbolicLink":false,"fileMetaData":{"size":55,"lastModifiedTime":1682125793411}}]}]}]},{"hashValue":"eedf707362400e2ba1a7227dc6d4d5eb","name":"resources.index","path":"E:\\temp\\MyApplication\\entry\\.preview\\default\\intermediates\\res\\default\\resources.index","type":"file","isSymbolicLink":false,"fileMetaData":{"size":1148,"lastModifiedTime":1682154206511}},{"hashValue":"ef8597f67c5fa139516f23c79b75dd06","name":"ResourceTable.txt","path":"E:\\temp\\MyApplication\\entry\\.preview\\default\\intermediates\\res\\default\\ResourceTable.txt","type":"file","isSymbolicLink":false,"fileMetaData":{"size":277,"lastModifiedTime":1682154206512}}]},"E:\\temp\\MyApplication\\entry\\.preview\\default\\generated\\r\\default\\ResourceTable.h":{"hashValue":"6ff7700f23f3065ed49411d095bd7451","name":"ResourceTable.h","path":"E:\\temp\\MyApplication\\entry\\.preview\\default\\generated\\r\\default\\ResourceTable.h","type":"file","isSymbolicLink":false,"fileMetaData":{"size":1136,"lastModifiedTime":1682154206512}},"E:\\temp\\MyApplication\\entry\\.preview\\default\\generated\\r\\default":{"hashValue":"2ac44983b205c37f06a86479a15cd214","name":"default","path":"E:\\temp\\MyApplication\\entry\\.preview\\default\\generated\\r\\default","type":"directory","isSymbolicLink":false,"children":[{"hashValue":"6ff7700f23f3065ed49411d095bd7451","name":"ResourceTable.h","path":"E:\\temp\\MyApplication\\entry\\.preview\\default\\generated\\r\\default\\ResourceTable.h","type":"file","isSymbolicLink":false,"fileMetaData":{"size":1136,"lastModifiedTime":1682154206512}}]},"E:\\temp\\MyApplication\\entry\\build\\default\\intermediates\\merge_profile\\default\\module.json":{"hashValue":"0a8eb3a254ac4f4be40c440ec3d007d9","name":"module.json","path":"E:\\temp\\MyApplication\\entry\\build\\default\\intermediates\\merge_profile\\default\\module.json","type":"file","isSymbolicLink":false,"fileMetaData":{"size":1171,"lastModifiedTime":1682133432011}},"E:\\temp\\MyApplication\\entry\\build\\default\\intermediates\\loader\\default\\loader.json":{"hashValue":"d78f39c520c2ce02332c5d5c8ff880e1","name":"loader.json","path":"E:\\temp\\MyApplication\\entry\\build\\default\\intermediates\\loader\\default\\loader.json","type":"file","isSymbolicLink":false,"fileMetaData":{"size":247,"lastModifiedTime":1682133432032}},"E:\\temp\\MyApplication\\entry\\build\\default\\outputs\\default\\pack.info":{"hashValue":"325ef643b681a71c0ae131faeb47a4fe","name":"pack.info","path":"E:\\temp\\MyApplication\\entry\\build\\default\\outputs\\default\\pack.info","type":"file","isSymbolicLink":false,"fileMetaData":{"size":537,"lastModifiedTime":1682129293144}},"E:\\temp\\MyApplication\\entry\\build\\default\\intermediates\\process_profile\\default\\module.json":{"hashValue":"1db84b2ef6ab6505623d697aeeeda5b9","name":"module.json","path":"E:\\temp\\MyApplication\\entry\\build\\default\\intermediates\\process_profile\\default\\module.json","type":"file","isSymbolicLink":false,"fileMetaData":{"size":1234,"lastModifiedTime":1682133432442}},"E:\\temp\\MyApplication\\entry\\build\\default\\intermediates\\res\\default\\resConfig.json":{"hashValue":"54c2c0ebb4db6d77fa293d495096272c","name":"resConfig.json","path":"E:\\temp\\MyApplication\\entry\\build\\default\\intermediates\\res\\default\\resConfig.json","type":"file","isSymbolicLink":false,"fileMetaData":{"size":537,"lastModifiedTime":1682126060385}},"E:\\temp\\MyApplication\\entry\\build\\default\\intermediates\\libs\\default":{"hashValue":"","name":"default","path":"E:\\temp\\MyApplication\\entry\\build\\default\\intermediates\\libs\\default","type":"directory","isSymbolicLink":false,"children":[]},"E:\\temp\\MyApplication\\entry\\build\\default\\intermediates\\res\\default":{"hashValue":"4c09ddc41b8f5c047ae94498f464bba9","name":"default","path":"E:\\temp\\MyApplication\\entry\\build\\default\\intermediates\\res\\default","type":"directory","isSymbolicLink":false,"children":[{"hashValue":"3bf043996e2918df852ee19bb9d65796","name":"module.json","path":"E:\\temp\\MyApplication\\entry\\build\\default\\intermediates\\res\\default\\module.json","type":"file","isSymbolicLink":false,"fileMetaData":{"size":2179,"lastModifiedTime":1682133432715}},{"hashValue":"54c2c0ebb4db6d77fa293d495096272c","name":"resConfig.json","path":"E:\\temp\\MyApplication\\entry\\build\\default\\intermediates\\res\\default\\resConfig.json","type":"file","isSymbolicLink":false,"fileMetaData":{"size":537,"lastModifiedTime":1682126060385}},{"hashValue":"6619bbdcd8e1dde85c52350868006024","name":"resources","path":"E:\\temp\\MyApplication\\entry\\build\\default\\intermediates\\res\\default\\resources","type":"directory","isSymbolicLink":false,"children":[{"hashValue":"e039cc67c931b168385cacaffc748bc0","name":"base","path":"E:\\temp\\MyApplication\\entry\\build\\default\\intermediates\\res\\default\\resources\\base","type":"directory","isSymbolicLink":false,"children":[{"hashValue":"85b3af3ad7a148ba1f1d26d65290651a","name":"media","path":"E:\\temp\\MyApplication\\entry\\build\\default\\intermediates\\res\\default\\resources\\base\\media","type":"directory","isSymbolicLink":false,"children":[{"hashValue":"1d684ec8bd80b1b7297512ae117fccf6","name":"app_icon.png","path":"E:\\temp\\MyApplication\\entry\\build\\default\\intermediates\\res\\default\\resources\\base\\media\\app_icon.png","type":"file","isSymbolicLink":false,"fileMetaData":{"size":6790,"lastModifiedTime":1682122800281}},{"hashValue":"0142a6369b615d01f0d5ecf900e79317","name":"icon.png","path":"E:\\temp\\MyApplication\\entry\\build\\default\\intermediates\\res\\default\\resources\\base\\media\\icon.png","type":"file","isSymbolicLink":false,"fileMetaData":{"size":6790,"lastModifiedTime":1682122800533}}]},{"hashValue":"b41dad5dfb2f5698c6925841ff4959e9","name":"profile","path":"E:\\temp\\MyApplication\\entry\\build\\default\\intermediates\\res\\default\\resources\\base\\profile","type":"directory","isSymbolicLink":false,"children":[{"hashValue":"13d30702b8a27428b83dc6b9ace2f519","name":"main_pages.json","path":"E:\\temp\\MyApplication\\entry\\build\\default\\intermediates\\res\\default\\resources\\base\\profile\\main_pages.json","type":"file","isSymbolicLink":false,"fileMetaData":{"size":55,"lastModifiedTime":1682125793411}}]}]},{"hashValue":"","name":"rawfile","path":"E:\\temp\\MyApplication\\entry\\build\\default\\intermediates\\res\\default\\resources\\rawfile","type":"directory","isSymbolicLink":false,"children":[]}]},{"hashValue":"e686c857e3229de26b31f91caadb4af4","name":"resources.index","path":"E:\\temp\\MyApplication\\entry\\build\\default\\intermediates\\res\\default\\resources.index","type":"file","isSymbolicLink":false,"fileMetaData":{"size":1061,"lastModifiedTime":1682133432716}},{"hashValue":"4551bdc23ef05ea4f4cd0223d5b89f05","name":"ResourceTable.txt","path":"E:\\temp\\MyApplication\\entry\\build\\default\\intermediates\\res\\default\\ResourceTable.txt","type":"file","isSymbolicLink":false,"fileMetaData":{"size":277,"lastModifiedTime":1682133432713}}]},"E:\\temp\\MyApplication\\entry\\build\\default\\generated\\r\\default\\ResourceTable.h":{"hashValue":"b5edd75d05b206b5b2a68f60895aa143","name":"ResourceTable.h","path":"E:\\temp\\MyApplication\\entry\\build\\default\\generated\\r\\default\\ResourceTable.h","type":"file","isSymbolicLink":false,"fileMetaData":{"size":1136,"lastModifiedTime":1682133432712}},"E:\\temp\\MyApplication\\entry\\build\\default\\generated\\r\\default":{"hashValue":"df1146a3f9422819b42a7f651e731a92","name":"default","path":"E:\\temp\\MyApplication\\entry\\build\\default\\generated\\r\\default","type":"directory","isSymbolicLink":false,"children":[{"hashValue":"b5edd75d05b206b5b2a68f60895aa143","name":"ResourceTable.h","path":"E:\\temp\\MyApplication\\entry\\build\\default\\generated\\r\\default\\ResourceTable.h","type":"file","isSymbolicLink":false,"fileMetaData":{"size":1136,"lastModifiedTime":1682133432712}}]},"E:\\temp\\MyApplication\\entry\\build\\default\\intermediates\\loader\\default":{"hashValue":"2d9241865ffead8a04d73ddda08d61ba","name":"default","path":"E:\\temp\\MyApplication\\entry\\build\\default\\intermediates\\loader\\default","type":"directory","isSymbolicLink":false,"children":[{"hashValue":"d78f39c520c2ce02332c5d5c8ff880e1","name":"loader.json","path":"E:\\temp\\MyApplication\\entry\\build\\default\\intermediates\\loader\\default\\loader.json","type":"file","isSymbolicLink":false,"fileMetaData":{"size":247,"lastModifiedTime":1682133432032}}]},"E:\\temp\\MyApplication\\entry\\build\\default\\intermediates\\res\\default\\module.json":{"hashValue":"3bf043996e2918df852ee19bb9d65796","name":"module.json","path":"E:\\temp\\MyApplication\\entry\\build\\default\\intermediates\\res\\default\\module.json","type":"file","isSymbolicLink":false,"fileMetaData":{"size":2179,"lastModifiedTime":1682133432715}},"E:\\temp\\MyApplication\\entry\\build\\default\\intermediates\\res\\default\\ResourceTable.txt":{"hashValue":"4551bdc23ef05ea4f4cd0223d5b89f05","name":"ResourceTable.txt","path":"E:\\temp\\MyApplication\\entry\\build\\default\\intermediates\\res\\default\\ResourceTable.txt","type":"file","isSymbolicLink":false,"fileMetaData":{"size":277,"lastModifiedTime":1682133432713}},"E:\\temp\\MyApplication\\entry\\build\\default\\intermediates\\res\\default\\resources\\base\\profile":{"hashValue":"b41dad5dfb2f5698c6925841ff4959e9","name":"profile","path":"E:\\temp\\MyApplication\\entry\\build\\default\\intermediates\\res\\default\\resources\\base\\profile","type":"directory","isSymbolicLink":false,"children":[{"hashValue":"13d30702b8a27428b83dc6b9ace2f519","name":"main_pages.json","path":"E:\\temp\\MyApplication\\entry\\build\\default\\intermediates\\res\\default\\resources\\base\\profile\\main_pages.json","type":"file","isSymbolicLink":false,"fileMetaData":{"size":55,"lastModifiedTime":1682125793411}}]},"E:\\temp\\MyApplication\\entry\\src\\main\\ets":{"hashValue":"656a1625258e6cc7d2fdd3058ba2003b","name":"ets","path":"E:\\temp\\MyApplication\\entry\\src\\main\\ets","type":"directory","isSymbolicLink":false,"children":[{"hashValue":"23ff719d531fd4053bd57c6d1b0023fb","name":"entryability","path":"E:\\temp\\MyApplication\\entry\\src\\main\\ets\\entryability","type":"directory","isSymbolicLink":false,"children":[{"hashValue":"74ae8935712627600ee813dd97eb0bc7","name":"EntryAbility.ts","path":"E:\\temp\\MyApplication\\entry\\src\\main\\ets\\entryability\\EntryAbility.ts","type":"file","isSymbolicLink":false,"fileMetaData":{"size":1523,"lastModifiedTime":1682131656446}}]},{"hashValue":"d2dfb928b679b237692bffadf180a850","name":"pages","path":"E:\\temp\\MyApplication\\entry\\src\\main\\ets\\pages","type":"directory","isSymbolicLink":false,"children":[{"hashValue":"3685c18aa658fb2fc92391f796b9e52f","name":"Index.ets","path":"E:\\temp\\MyApplication\\entry\\src\\main\\ets\\pages\\Index.ets","type":"file","isSymbolicLink":false,"fileMetaData":{"size":1161,"lastModifiedTime":1682133125465}},{"hashValue":"9af8c65b1299782ecf45eac09fd19d11","name":"Login.ets","path":"E:\\temp\\MyApplication\\entry\\src\\main\\ets\\pages\\Login.ets","type":"file","isSymbolicLink":false,"fileMetaData":{"size":700,"lastModifiedTime":1682133187317}}]}]},"E:\\temp\\MyApplication\\entry\\build\\default\\intermediates\\loader_out\\default\\ets":{"hashValue":"c2655f605e7642d70e9e21f2b684cdbf","name":"ets","path":"E:\\temp\\MyApplication\\entry\\build\\default\\intermediates\\loader_out\\default\\ets","type":"directory","isSymbolicLink":false,"children":[{"hashValue":"81a63443c3f9887855a8b604c06e6152","name":"entryability","path":"E:\\temp\\MyApplication\\entry\\build\\default\\intermediates\\loader_out\\default\\ets\\entryability","type":"directory","isSymbolicLink":false,"children":[{"hashValue":"1820b2e4b1d91d77b9a5da339d2c24ba","name":"EntryAbility.abc","path":"E:\\temp\\MyApplication\\entry\\build\\default\\intermediates\\loader_out\\default\\ets\\entryability\\EntryAbility.abc","type":"file","isSymbolicLink":false,"fileMetaData":{"size":12744,"lastModifiedTime":1682133214441}},{"hashValue":"e4c6ef73501e20e8d2feb29337b872eb","name":"EntryAbility.js","path":"E:\\temp\\MyApplication\\entry\\build\\default\\intermediates\\loader_out\\default\\ets\\entryability\\EntryAbility.js","type":"file","isSymbolicLink":false,"fileMetaData":{"size":5983,"lastModifiedTime":1682133439475}},{"hashValue":"db5ad2f8c93e7a2feff3dfe4bc502021","name":"EntryAbility.js.map","path":"E:\\temp\\MyApplication\\entry\\build\\default\\intermediates\\loader_out\\default\\ets\\entryability\\EntryAbility.js.map","type":"file","isSymbolicLink":false,"fileMetaData":{"size":1625,"lastModifiedTime":1682133439475}}]},{"hashValue":"347a3dadd32b43d5c903bb7011b71f01","name":"pages","path":"E:\\temp\\MyApplication\\entry\\build\\default\\intermediates\\loader_out\\default\\ets\\pages","type":"directory","isSymbolicLink":false,"children":[{"hashValue":"08684b52b650fa43b13ad487a4f1c403","name":"Index.abc","path":"E:\\temp\\MyApplication\\entry\\build\\default\\intermediates\\loader_out\\default\\ets\\pages\\Index.abc","type":"file","isSymbolicLink":false,"fileMetaData":{"size":21960,"lastModifiedTime":1682133214435}},{"hashValue":"d629c687a442ce9194d3a2a139da94b6","name":"Index.js","path":"E:\\temp\\MyApplication\\entry\\build\\default\\intermediates\\loader_out\\default\\ets\\pages\\Index.js","type":"file","isSymbolicLink":false,"fileMetaData":{"size":10405,"lastModifiedTime":1682133439475}},{"hashValue":"198ffd27ff8ab3e02859219b1bcf2cbf","name":"Index.js.map","path":"E:\\temp\\MyApplication\\entry\\build\\default\\intermediates\\loader_out\\default\\ets\\pages\\Index.js.map","type":"file","isSymbolicLink":false,"fileMetaData":{"size":2171,"lastModifiedTime":1682133439475}},{"hashValue":"3100806c459e2bc76e4ed3556a2dbb87","name":"Login.abc","path":"E:\\temp\\MyApplication\\entry\\build\\default\\intermediates\\loader_out\\default\\ets\\pages\\Login.abc","type":"file","isSymbolicLink":false,"fileMetaData":{"size":11596,"lastModifiedTime":1682133214427}},{"hashValue":"2b3b135b15ab3bf210087f3b28fd48d6","name":"Login.js","path":"E:\\temp\\MyApplication\\entry\\build\\default\\intermediates\\loader_out\\default\\ets\\pages\\Login.js","type":"file","isSymbolicLink":false,"fileMetaData":{"size":4900,"lastModifiedTime":1682133439475}},{"hashValue":"1803304a5ec87da66e0061604c625ccf","name":"Login.js.map","path":"E:\\temp\\MyApplication\\entry\\build\\default\\intermediates\\loader_out\\default\\ets\\pages\\Login.js.map","type":"file","isSymbolicLink":false,"fileMetaData":{"size":1161,"lastModifiedTime":1682133439475}}]}]},"E:\\temp\\MyApplication\\entry\\build\\default\\intermediates\\res\\default\\resources":{"hashValue":"6619bbdcd8e1dde85c52350868006024","name":"resources","path":"E:\\temp\\MyApplication\\entry\\build\\default\\intermediates\\res\\default\\resources","type":"directory","isSymbolicLink":false,"children":[{"hashValue":"e039cc67c931b168385cacaffc748bc0","name":"base","path":"E:\\temp\\MyApplication\\entry\\build\\default\\intermediates\\res\\default\\resources\\base","type":"directory","isSymbolicLink":false,"children":[{"hashValue":"85b3af3ad7a148ba1f1d26d65290651a","name":"media","path":"E:\\temp\\MyApplication\\entry\\build\\default\\intermediates\\res\\default\\resources\\base\\media","type":"directory","isSymbolicLink":false,"children":[{"hashValue":"1d684ec8bd80b1b7297512ae117fccf6","name":"app_icon.png","path":"E:\\temp\\MyApplication\\entry\\build\\default\\intermediates\\res\\default\\resources\\base\\media\\app_icon.png","type":"file","isSymbolicLink":false,"fileMetaData":{"size":6790,"lastModifiedTime":1682122800281}},{"hashValue":"0142a6369b615d01f0d5ecf900e79317","name":"icon.png","path":"E:\\temp\\MyApplication\\entry\\build\\default\\intermediates\\res\\default\\resources\\base\\media\\icon.png","type":"file","isSymbolicLink":false,"fileMetaData":{"size":6790,"lastModifiedTime":1682122800533}}]},{"hashValue":"b41dad5dfb2f5698c6925841ff4959e9","name":"profile","path":"E:\\temp\\MyApplication\\entry\\build\\default\\intermediates\\res\\default\\resources\\base\\profile","type":"directory","isSymbolicLink":false,"children":[{"hashValue":"13d30702b8a27428b83dc6b9ace2f519","name":"main_pages.json","path":"E:\\temp\\MyApplication\\entry\\build\\default\\intermediates\\res\\default\\resources\\base\\profile\\main_pages.json","type":"file","isSymbolicLink":false,"fileMetaData":{"size":55,"lastModifiedTime":1682125793411}}]}]},{"hashValue":"","name":"rawfile","path":"E:\\temp\\MyApplication\\entry\\build\\default\\intermediates\\res\\default\\resources\\rawfile","type":"directory","isSymbolicLink":false,"children":[]}]},"E:\\temp\\MyApplication\\entry\\build\\default\\intermediates\\res\\default\\resources.index":{"hashValue":"e686c857e3229de26b31f91caadb4af4","name":"resources.index","path":"E:\\temp\\MyApplication\\entry\\build\\default\\intermediates\\res\\default\\resources.index","type":"file","isSymbolicLink":false,"fileMetaData":{"size":1061,"lastModifiedTime":1682133432716}},"E:\\temp\\MyApplication\\entry\\build\\default\\outputs\\default\\entry-default-unsigned.hap":{"hashValue":"c2d7523d34368ace449d3be017e8a354","name":"entry-default-unsigned.hap","path":"E:\\temp\\MyApplication\\entry\\build\\default\\outputs\\default\\entry-default-unsigned.hap","type":"file","isSymbolicLink":false,"fileMetaData":{"size":91209,"lastModifiedTime":1682133440211}},"{\"commandList\":[\"C:\\\\Users\\\\tyx\\\\AppData\\\\Local\\\\Huawei\\\\Sdk\\\\openharmony\\\\9\\\\toolchains\\\\restool.exe\",\"-m\",\"entry\",\"-f\",\"-j\",\"E:\\\\temp\\\\MyApplication\\\\entry\\\\.preview\\\\default\\\\intermediates\\\\process_profile\\\\default\\\\module.json\",\"-p\",\"cn.edu.hit.myapplication\",\"-o\",\"E:\\\\temp\\\\MyApplication\\\\entry\\\\.preview\\\\default\\\\intermediates\\\\res\\\\default\",\"-r\",\"E:\\\\temp\\\\MyApplication\\\\entry\\\\.preview\\\\default\\\\generated\\\\r\\\\default\\\\ResourceTable.h\"],\"inputFiles\":{\"_group\":{}},\"outputFiles\":{\"_group\":{}},\"existsResourceDir\":true,\"restoolLinkParamObj\":{\"appScopeResources\":\"E:\\\\temp\\\\MyApplication\\\\AppScope\\\\resources\",\"moduleResourcesMap\":{},\"harResourcesMap\":{},\"outputPath\":\"E:\\\\temp\\\\MyApplication\\\\entry\\\\.preview\\\\default\\\\intermediates\\\\res\\\\default\",\"linkCommand\":[\"C:\\\\Users\\\\tyx\\\\AppData\\\\Local\\\\Huawei\\\\Sdk\\\\openharmony\\\\9\\\\toolchains\\\\restool.exe\",\"-m\",\"entry\",\"-f\",\"-j\",\"E:\\\\temp\\\\MyApplication\\\\entry\\\\.preview\\\\default\\\\intermediates\\\\process_profile\\\\default\\\\module.json\",\"-p\",\"cn.edu.hit.myapplication\",\"-r\",\"E:\\\\temp\\\\MyApplication\\\\entry\\\\.preview\\\\default\\\\generated\\\\r\\\\default\\\\ResourceTable.h\",\"-z\"]}}":{"hashValue":"","name":"emptyroot","path":"","type":"unknown","isSymbolicLink":false,"children":[]}}