{
  "ohos-module-entry": {
    "SELECT_TARGET": "default",
    "MODULE_BUILD_DIR": "E:\\hm\\ProjectOne\\entry\\build",
    "TARGETS": {
      "default": {
        "SOURCE_ROOT": "E:\\hm\\ProjectOne\\entry\\src\\main",
        "RESOURCES_PATH": [
          "E:\\hm\\ProjectOne\\entry\\src\\main\\resources"
        ],
        "BUILD_PATH": {
          "OUTPUT_PATH": "E:\\hm\\ProjectOne\\entry\\build\\default\\outputs\\default",
          "INTERMEDIA_PATH": "E:\\hm\\ProjectOne\\entry\\build\\default\\intermediates",
          "JS_ASSETS_PATH": "E:\\hm\\ProjectOne\\entry\\build\\default\\intermediates\\loader_out\\default",
          "RES_PATH": "E:\\hm\\ProjectOne\\entry\\build\\default\\intermediates\\res\\default",
          "RES_PROFILE_PATH": "E:\\hm\\ProjectOne\\entry\\build\\default\\intermediates\\res\\default\\resources\\base\\profile",
          "ETS_SUPER_VISUAL_PATH": "E:\\hm\\ProjectOne\\entry\\build\\default\\cache\\default\\default@LegacyCompileArkTS\\jsbundle",
          "JS_SUPER_VISUAL_PATH": "E:\\hm\\ProjectOne\\entry\\build\\default\\cache\\default\\default@LegacyCompileJS\\jsbundle",
          "WORKER_LOADER": "E:\\hm\\ProjectOne\\entry\\build\\default\\intermediates\\loader\\default\\loader.json",
          "MANIFEST_JSON": "E:\\hm\\ProjectOne\\entry\\build\\default\\intermediates\\manifest\\default"
        }
      },
      "ohosTest": {
        "SOURCE_ROOT": "E:\\hm\\ProjectOne\\entry\\src\\ohosTest",
        "RESOURCES_PATH": [
          "E:\\hm\\ProjectOne\\entry\\src\\ohosTest\\resources"
        ],
        "BUILD_PATH": {
          "OUTPUT_PATH": "E:\\hm\\ProjectOne\\entry\\build\\default\\outputs\\ohosTest",
          "INTERMEDIA_PATH": "E:\\hm\\ProjectOne\\entry\\build\\default\\intermediates",
          "JS_ASSETS_PATH": "E:\\hm\\ProjectOne\\entry\\build\\default\\intermediates\\loader_out\\ohosTest",
          "RES_PATH": "E:\\hm\\ProjectOne\\entry\\build\\default\\intermediates\\res\\ohosTest",
          "RES_PROFILE_PATH": "E:\\hm\\ProjectOne\\entry\\build\\default\\intermediates\\res\\ohosTest\\resources\\base\\profile",
          "ETS_SUPER_VISUAL_PATH": "E:\\hm\\ProjectOne\\entry\\build\\default\\cache\\ohosTest\\ohosTest@LegacyCompileArkTS\\jsbundle",
          "JS_SUPER_VISUAL_PATH": "E:\\hm\\ProjectOne\\entry\\build\\default\\cache\\ohosTest\\ohosTest@LegacyCompileJS\\jsbundle",
          "WORKER_LOADER": "E:\\hm\\ProjectOne\\entry\\build\\default\\intermediates\\loader\\ohosTest\\loader.json",
          "MANIFEST_JSON": "E:\\hm\\ProjectOne\\entry\\build\\default\\intermediates\\manifest\\ohosTest"
        }
      }
    }
  },
  "ohos-project": {
    "SELECT_PRODUCT_NAME": "default",
    "MODULE_BUILD_DIR": "E:\\hm\\ProjectOne\\build",
    "BUNDLE_NAME": "cn.edu.hit.myapplication",
    "BUILD_PATH": {
      "OUTPUT_PATH": "E:\\hm\\ProjectOne\\build\\outputs\\default"
    }
  },
  "version": 1
}