{"E:\\hm\\ProjectOne\\entry\\src\\main\\config.json":{"hashValue":"4dacbaa7b84760ef602ee7c96950dd13","name":"config.json","path":"E:\\hm\\ProjectOne\\entry\\src\\main\\config.json","type":"file","isSymbolicLink":false,"fileMetaData":{"size":1515,"lastModifiedTime":1681521353361}},"E:\\hm\\ProjectOne\\entry\\build\\default\\intermediates\\merge_profile\\default\\config.json":{"hashValue":"f942b4a114ec98ea5c8da9213ab012ac","name":"config.json","path":"E:\\hm\\ProjectOne\\entry\\build\\default\\intermediates\\merge_profile\\default\\config.json","type":"file","isSymbolicLink":false,"fileMetaData":{"size":1350,"lastModifiedTime":1681526508655}},"E:\\hm\\ProjectOne\\entry\\build\\default\\intermediates\\manifest\\default":{"hashValue":"e45ecb245f8336fbd644fd983c715617","name":"default","path":"E:\\hm\\ProjectOne\\entry\\build\\default\\intermediates\\manifest\\default","type":"directory","isSymbolicLink":false,"children":[{"hashValue":"e485aa85345c6dc1363161594bb88b1b","name":"MainAbility","path":"E:\\hm\\ProjectOne\\entry\\build\\default\\intermediates\\manifest\\default\\MainAbility","type":"directory","isSymbolicLink":false,"children":[{"hashValue":"ad9b51956146ee8c7890ec527ea44c6a","name":"manifest.json","path":"E:\\hm\\ProjectOne\\entry\\build\\default\\intermediates\\manifest\\default\\MainAbility\\manifest.json","type":"file","isSymbolicLink":false,"fileMetaData":{"size":253,"lastModifiedTime":1681526508665}}]}]},"E:\\hm\\ProjectOne\\entry\\build\\default\\intermediates\\loader\\default\\MainAbility\\loader.json":{"hashValue":"92523dc5d3cfca9e35dda84b31b678ad","name":"loader.json","path":"E:\\hm\\ProjectOne\\entry\\build\\default\\intermediates\\loader\\default\\MainAbility\\loader.json","type":"file","isSymbolicLink":false,"fileMetaData":{"size":120,"lastModifiedTime":1681526508682}},"E:\\hm\\ProjectOne\\entry\\build\\default\\outputs\\default\\pack.info":{"hashValue":"baafe221f2879da593fa733a475dc792","name":"pack.info","path":"E:\\hm\\ProjectOne\\entry\\build\\default\\outputs\\default\\pack.info","type":"file","isSymbolicLink":false,"fileMetaData":{"size":536,"lastModifiedTime":1681521814493}},"E:\\hm\\ProjectOne\\entry\\build-profile.json5":{"hashValue":"dfe7f6a154dcef0f3eab87895b38904b","name":"build-profile.json5","path":"E:\\hm\\ProjectOne\\entry\\build-profile.json5","type":"file","isSymbolicLink":false,"fileMetaData":{"size":189,"lastModifiedTime":1681520518255}},"E:\\hm\\ProjectOne\\entry\\build\\default\\intermediates\\process_profile\\default\\config.json":{"hashValue":"e11afcebdc892104a2659f809f46922f","name":"config.json","path":"E:\\hm\\ProjectOne\\entry\\build\\default\\intermediates\\process_profile\\default\\config.json","type":"file","isSymbolicLink":false,"fileMetaData":{"size":1015,"lastModifiedTime":1681526509209}},"E:\\hm\\ProjectOne\\entry\\build\\default\\intermediates\\res\\default\\resConfig.json":{"hashValue":"8519a14d18b00d37d490bc7f776b6b64","name":"resConfig.json","path":"E:\\hm\\ProjectOne\\entry\\build\\default\\intermediates\\res\\default\\resConfig.json","type":"file","isSymbolicLink":false,"fileMetaData":{"size":444,"lastModifiedTime":1681521138324}},"E:\\hm\\ProjectOne\\entry\\build\\default\\intermediates\\libs\\default":{"hashValue":"","name":"default","path":"E:\\hm\\ProjectOne\\entry\\build\\default\\intermediates\\libs\\default","type":"directory","isSymbolicLink":false,"children":[]},"E:\\hm\\ProjectOne\\entry\\src\\main\\resources":{"hashValue":"2f3c6140ab45b0bcb319ba48c8d4a7f5","name":"resources","path":"E:\\hm\\ProjectOne\\entry\\src\\main\\resources","type":"directory","isSymbolicLink":false,"children":[{"hashValue":"49fd51c26adb4f2a9a1f98aa7137d78e","name":"base","path":"E:\\hm\\ProjectOne\\entry\\src\\main\\resources\\base","type":"directory","isSymbolicLink":false,"children":[{"hashValue":"f75314d00c3f3ca7794bda35490a54b2","name":"element","path":"E:\\hm\\ProjectOne\\entry\\src\\main\\resources\\base\\element","type":"directory","isSymbolicLink":false,"children":[{"hashValue":"d560b2a71ae0a332c3f1a7397488c4ae","name":"color.json","path":"E:\\hm\\ProjectOne\\entry\\src\\main\\resources\\base\\element\\color.json","type":"file","isSymbolicLink":false,"fileMetaData":{"size":105,"lastModifiedTime":1681520505668}},{"hashValue":"1b846572522b59bd68a4c606900bbb2c","name":"string.json","path":"E:\\hm\\ProjectOne\\entry\\src\\main\\resources\\base\\element\\string.json","type":"file","isSymbolicLink":false,"fileMetaData":{"size":245,"lastModifiedTime":1681520518219}}]},{"hashValue":"b536ccb61c273ee7471a51161e76fc00","name":"media","path":"E:\\hm\\ProjectOne\\entry\\src\\main\\resources\\base\\media","type":"directory","isSymbolicLink":false,"children":[{"hashValue":"6e69c3a9b31fd2071d52336ba68267e2","name":"icon.png","path":"E:\\hm\\ProjectOne\\entry\\src\\main\\resources\\base\\media\\icon.png","type":"file","isSymbolicLink":false,"fileMetaData":{"size":6790,"lastModifiedTime":1681520505680}}]}]},{"hashValue":"89da256bb3550f37e7f6e8266ac2df75","name":"en_US","path":"E:\\hm\\ProjectOne\\entry\\src\\main\\resources\\en_US","type":"directory","isSymbolicLink":false,"children":[{"hashValue":"3aebf7d4caacb4a8d9f42335582576fa","name":"element","path":"E:\\hm\\ProjectOne\\entry\\src\\main\\resources\\en_US\\element","type":"directory","isSymbolicLink":false,"children":[{"hashValue":"64b39ba2fb8cda665490fe19d4af3e60","name":"string.json","path":"E:\\hm\\ProjectOne\\entry\\src\\main\\resources\\en_US\\element\\string.json","type":"file","isSymbolicLink":false,"fileMetaData":{"size":245,"lastModifiedTime":1681520518385}}]}]},{"hashValue":"","name":"rawfile","path":"E:\\hm\\ProjectOne\\entry\\src\\main\\resources\\rawfile","type":"directory","isSymbolicLink":false,"children":[]},{"hashValue":"0054e60d64429732420e1d0859b532f7","name":"zh_CN","path":"E:\\hm\\ProjectOne\\entry\\src\\main\\resources\\zh_CN","type":"directory","isSymbolicLink":false,"children":[{"hashValue":"e76fd82d6af171cea1e0ce3a3ddacb95","name":"element","path":"E:\\hm\\ProjectOne\\entry\\src\\main\\resources\\zh_CN\\element","type":"directory","isSymbolicLink":false,"children":[{"hashValue":"3e8800f0c6c805f2dd810c08a1710655","name":"string.json","path":"E:\\hm\\ProjectOne\\entry\\src\\main\\resources\\zh_CN\\element\\string.json","type":"file","isSymbolicLink":false,"fileMetaData":{"size":239,"lastModifiedTime":1681520518459}}]}]}]},"E:\\hm\\ProjectOne\\entry\\build\\default\\intermediates\\res\\default":{"hashValue":"21e07a2c4cfd052ee061ec44e3520ffc","name":"default","path":"E:\\hm\\ProjectOne\\entry\\build\\default\\intermediates\\res\\default","type":"directory","isSymbolicLink":false,"children":[{"hashValue":"46216f7c8f07ef113062406d70c85b3d","name":"config.json","path":"E:\\hm\\ProjectOne\\entry\\build\\default\\intermediates\\res\\default\\config.json","type":"file","isSymbolicLink":false,"fileMetaData":{"size":2476,"lastModifiedTime":1681526509564}},{"hashValue":"8519a14d18b00d37d490bc7f776b6b64","name":"resConfig.json","path":"E:\\hm\\ProjectOne\\entry\\build\\default\\intermediates\\res\\default\\resConfig.json","type":"file","isSymbolicLink":false,"fileMetaData":{"size":444,"lastModifiedTime":1681521138324}},{"hashValue":"5feed78619e736b68dc771aca3b1e831","name":"resources","path":"E:\\hm\\ProjectOne\\entry\\build\\default\\intermediates\\res\\default\\resources","type":"directory","isSymbolicLink":false,"children":[{"hashValue":"27724f172be5070b09f2b687495b9353","name":"base","path":"E:\\hm\\ProjectOne\\entry\\build\\default\\intermediates\\res\\default\\resources\\base","type":"directory","isSymbolicLink":false,"children":[{"hashValue":"b536ccb61c273ee7471a51161e76fc00","name":"media","path":"E:\\hm\\ProjectOne\\entry\\build\\default\\intermediates\\res\\default\\resources\\base\\media","type":"directory","isSymbolicLink":false,"children":[{"hashValue":"6e69c3a9b31fd2071d52336ba68267e2","name":"icon.png","path":"E:\\hm\\ProjectOne\\entry\\build\\default\\intermediates\\res\\default\\resources\\base\\media\\icon.png","type":"file","isSymbolicLink":false,"fileMetaData":{"size":6790,"lastModifiedTime":1681520505680}}]}]},{"hashValue":"","name":"rawfile","path":"E:\\hm\\ProjectOne\\entry\\build\\default\\intermediates\\res\\default\\resources\\rawfile","type":"directory","isSymbolicLink":false,"children":[]}]},{"hashValue":"b0b3fcae5e58032e8131425ed7d2345f","name":"resources.index","path":"E:\\hm\\ProjectOne\\entry\\build\\default\\intermediates\\res\\default\\resources.index","type":"file","isSymbolicLink":false,"fileMetaData":{"size":811,"lastModifiedTime":1681526509565}},{"hashValue":"7a62aa46c8083ee0d754c3e98926ad91","name":"ResourceTable.txt","path":"E:\\hm\\ProjectOne\\entry\\build\\default\\intermediates\\res\\default\\ResourceTable.txt","type":"file","isSymbolicLink":false,"fileMetaData":{"size":163,"lastModifiedTime":1681526509560}}]},"E:\\hm\\ProjectOne\\entry\\build\\default\\cache\\default\\r\\ResourceTable.h":{"hashValue":"92188bf37ae08e858a6abde2c8ddeeae","name":"ResourceTable.h","path":"E:\\hm\\ProjectOne\\entry\\build\\default\\cache\\default\\r\\ResourceTable.h","type":"file","isSymbolicLink":false,"fileMetaData":{"size":954,"lastModifiedTime":1681526509559}},"E:\\hm\\ProjectOne\\entry\\build\\default\\cache\\default\\r":{"hashValue":"aae9b0b8b75aa0ea9627112da0294189","name":"r","path":"E:\\hm\\ProjectOne\\entry\\build\\default\\cache\\default\\r","type":"directory","isSymbolicLink":false,"children":[{"hashValue":"92188bf37ae08e858a6abde2c8ddeeae","name":"ResourceTable.h","path":"E:\\hm\\ProjectOne\\entry\\build\\default\\cache\\default\\r\\ResourceTable.h","type":"file","isSymbolicLink":false,"fileMetaData":{"size":954,"lastModifiedTime":1681526509559}}]},"E:\\hm\\ProjectOne\\entry\\build\\default\\intermediates\\loader\\default":{"hashValue":"9e30e099125d8aea54fb1b4c16256323","name":"default","path":"E:\\hm\\ProjectOne\\entry\\build\\default\\intermediates\\loader\\default","type":"directory","isSymbolicLink":false,"children":[{"hashValue":"4fb3f01d2e2d2ba6cf27de8c3eaa70bb","name":"MainAbility","path":"E:\\hm\\ProjectOne\\entry\\build\\default\\intermediates\\loader\\default\\MainAbility","type":"directory","isSymbolicLink":false,"children":[{"hashValue":"92523dc5d3cfca9e35dda84b31b678ad","name":"loader.json","path":"E:\\hm\\ProjectOne\\entry\\build\\default\\intermediates\\loader\\default\\MainAbility\\loader.json","type":"file","isSymbolicLink":false,"fileMetaData":{"size":120,"lastModifiedTime":1681526508682}}]}]},"E:\\hm\\ProjectOne\\entry\\build\\default\\intermediates\\res\\default\\ResourceTable.txt":{"hashValue":"7a62aa46c8083ee0d754c3e98926ad91","name":"ResourceTable.txt","path":"E:\\hm\\ProjectOne\\entry\\build\\default\\intermediates\\res\\default\\ResourceTable.txt","type":"file","isSymbolicLink":false,"fileMetaData":{"size":163,"lastModifiedTime":1681526509560}},"E:\\hm\\ProjectOne\\entry\\src\\main\\js":{"hashValue":"e3ed4da27cfd739970d09557c2a1e12e","name":"js","path":"E:\\hm\\ProjectOne\\entry\\src\\main\\js","type":"directory","isSymbolicLink":false,"children":[{"hashValue":"df05f08a0e71931a5d0be571f2d09ad5","name":"MainAbility","path":"E:\\hm\\ProjectOne\\entry\\src\\main\\js\\MainAbility","type":"directory","isSymbolicLink":false,"children":[{"hashValue":"b62e502e78039bb628dcc83f8c44ff5d","name":"app.js","path":"E:\\hm\\ProjectOne\\entry\\src\\main\\js\\MainAbility\\app.js","type":"file","isSymbolicLink":false,"fileMetaData":{"size":256,"lastModifiedTime":1681520505730}},{"hashValue":"d97de1a0cf4caab866c5c7e0704d347a","name":"i18n","path":"E:\\hm\\ProjectOne\\entry\\src\\main\\js\\MainAbility\\i18n","type":"directory","isSymbolicLink":false,"children":[{"hashValue":"38a73731aec36d7ad5fdc8e31703f436","name":"en-US.json","path":"E:\\hm\\ProjectOne\\entry\\src\\main\\js\\MainAbility\\i18n\\en-US.json","type":"file","isSymbolicLink":false,"fileMetaData":{"size":83,"lastModifiedTime":1681520505746}},{"hashValue":"61bf062312f695ed6abf8b05053313dc","name":"zh-CN.json","path":"E:\\hm\\ProjectOne\\entry\\src\\main\\js\\MainAbility\\i18n\\zh-CN.json","type":"file","isSymbolicLink":false,"fileMetaData":{"size":85,"lastModifiedTime":1681520505757}}]},{"hashValue":"0a33c7fbeb7597ba499ae5332d8f3454","name":"pages","path":"E:\\hm\\ProjectOne\\entry\\src\\main\\js\\MainAbility\\pages","type":"directory","isSymbolicLink":false,"children":[{"hashValue":"0ac98fe420b60edfe634eb69cf3e87a5","name":"city","path":"E:\\hm\\ProjectOne\\entry\\src\\main\\js\\MainAbility\\pages\\city","type":"directory","isSymbolicLink":false,"children":[{"hashValue":"cbbccf7e082a803e709f2037fd3b15c7","name":"city.css","path":"E:\\hm\\ProjectOne\\entry\\src\\main\\js\\MainAbility\\pages\\city\\city.css","type":"file","isSymbolicLink":false,"fileMetaData":{"size":612,"lastModifiedTime":1681524883131}},{"hashValue":"124cc409deac4c028bf3f234b6ca7355","name":"city.hml","path":"E:\\hm\\ProjectOne\\entry\\src\\main\\js\\MainAbility\\pages\\city\\city.hml","type":"file","isSymbolicLink":false,"fileMetaData":{"size":486,"lastModifiedTime":1681525106999}},{"hashValue":"e375e18abcff59d7e484fce03954bf8f","name":"city.js","path":"E:\\hm\\ProjectOne\\entry\\src\\main\\js\\MainAbility\\pages\\city\\city.js","type":"file","isSymbolicLink":false,"fileMetaData":{"size":2348,"lastModifiedTime":1681526454795}}]},{"hashValue":"6d4ea8c7436baa948b2c409f5a24ac88","name":"index","path":"E:\\hm\\ProjectOne\\entry\\src\\main\\js\\MainAbility\\pages\\index","type":"directory","isSymbolicLink":false,"children":[{"hashValue":"6467ccfb15e572d2204e41f0225aaa94","name":"index.css","path":"E:\\hm\\ProjectOne\\entry\\src\\main\\js\\MainAbility\\pages\\index\\index.css","type":"file","isSymbolicLink":false,"fileMetaData":{"size":417,"lastModifiedTime":1681521299434}},{"hashValue":"9937f6b764283f9ac14595ef3bbe12bc","name":"index.hml","path":"E:\\hm\\ProjectOne\\entry\\src\\main\\js\\MainAbility\\pages\\index\\index.hml","type":"file","isSymbolicLink":false,"fileMetaData":{"size":744,"lastModifiedTime":1681521711062}},{"hashValue":"dfd8a1d7a65cbdb4839bb10609ad2237","name":"index.js","path":"E:\\hm\\ProjectOne\\entry\\src\\main\\js\\MainAbility\\pages\\index\\index.js","type":"file","isSymbolicLink":false,"fileMetaData":{"size":1440,"lastModifiedTime":1681524363776}}]}]}]}]},"E:\\hm\\ProjectOne\\entry\\build\\default\\intermediates\\loader_out\\default\\js":{"hashValue":"554b42e95b74eb92a73ab2bfeb06ddf8","name":"js","path":"E:\\hm\\ProjectOne\\entry\\build\\default\\intermediates\\loader_out\\default\\js","type":"directory","isSymbolicLink":false,"children":[{"hashValue":"9775b57b8f3319fa5b276eb69dbce987","name":"MainAbility","path":"E:\\hm\\ProjectOne\\entry\\build\\default\\intermediates\\loader_out\\default\\js\\MainAbility","type":"directory","isSymbolicLink":false,"children":[{"hashValue":"085b5c41b88951167129d7a1079d0cff","name":"app.abc","path":"E:\\hm\\ProjectOne\\entry\\build\\default\\intermediates\\loader_out\\default\\js\\MainAbility\\app.abc","type":"file","isSymbolicLink":false,"fileMetaData":{"size":28168,"lastModifiedTime":1681521821334}},{"hashValue":"86cee2f1fcdb0eaad2b4e57bf3fdba79","name":"app.js","path":"E:\\hm\\ProjectOne\\entry\\build\\default\\intermediates\\loader_out\\default\\js\\MainAbility\\app.js","type":"file","isSymbolicLink":false,"fileMetaData":{"size":14054,"lastModifiedTime":1681526517057}},{"hashValue":"d0b1a1ca051c369b6fee66f68725b0f8","name":"app.js.map","path":"E:\\hm\\ProjectOne\\entry\\build\\default\\intermediates\\loader_out\\default\\js\\MainAbility\\app.js.map","type":"file","isSymbolicLink":false,"fileMetaData":{"size":1730,"lastModifiedTime":1681526516973}},{"hashValue":"46992c72f8a4b6f17a1f0a3a89116849","name":"i18n","path":"E:\\hm\\ProjectOne\\entry\\build\\default\\intermediates\\loader_out\\default\\js\\MainAbility\\i18n","type":"directory","isSymbolicLink":false,"children":[{"hashValue":"7d9d0d956b4fde254c0239de997c02c6","name":"en-US.json","path":"E:\\hm\\ProjectOne\\entry\\build\\default\\intermediates\\loader_out\\default\\js\\MainAbility\\i18n\\en-US.json","type":"file","isSymbolicLink":false,"fileMetaData":{"size":83,"lastModifiedTime":1681526516974}},{"hashValue":"e2a75daf061abdd2edcce69eb5fe369c","name":"zh-CN.json","path":"E:\\hm\\ProjectOne\\entry\\build\\default\\intermediates\\loader_out\\default\\js\\MainAbility\\i18n\\zh-CN.json","type":"file","isSymbolicLink":false,"fileMetaData":{"size":85,"lastModifiedTime":1681526516973}}]},{"hashValue":"7a26fcd4c68fbc2ae2b2d68d0f3fefe0","name":"manifest.json","path":"E:\\hm\\ProjectOne\\entry\\build\\default\\intermediates\\loader_out\\default\\js\\MainAbility\\manifest.json","type":"file","isSymbolicLink":false,"fileMetaData":{"size":253,"lastModifiedTime":1681526517167}},{"hashValue":"2afdfe08776de51cc8f81b10d0369614","name":"pages","path":"E:\\hm\\ProjectOne\\entry\\build\\default\\intermediates\\loader_out\\default\\js\\MainAbility\\pages","type":"directory","isSymbolicLink":false,"children":[{"hashValue":"33c0176c270a5e0d9d85841a3e6faa8b","name":"city","path":"E:\\hm\\ProjectOne\\entry\\build\\default\\intermediates\\loader_out\\default\\js\\MainAbility\\pages\\city","type":"directory","isSymbolicLink":false,"children":[{"hashValue":"424c58df087d267118deb80909c31471","name":"city.abc","path":"E:\\hm\\ProjectOne\\entry\\build\\default\\intermediates\\loader_out\\default\\js\\MainAbility\\pages\\city\\city.abc","type":"file","isSymbolicLink":false,"fileMetaData":{"size":42328,"lastModifiedTime":1681526517179}},{"hashValue":"2bb41dcd6e3d4fbe0f55cdec9d4542a5","name":"city.js","path":"E:\\hm\\ProjectOne\\entry\\build\\default\\intermediates\\loader_out\\default\\js\\MainAbility\\pages\\city\\city.js","type":"file","isSymbolicLink":false,"fileMetaData":{"size":19804,"lastModifiedTime":1681526516973}},{"hashValue":"66fcae3236efd65c9f2abce38b9c1162","name":"city.js.map","path":"E:\\hm\\ProjectOne\\entry\\build\\default\\intermediates\\loader_out\\default\\js\\MainAbility\\pages\\city\\city.js.map","type":"file","isSymbolicLink":false,"fileMetaData":{"size":4841,"lastModifiedTime":1681526516973}}]},{"hashValue":"7305c5332a8ca36d4096d4ef23307a2a","name":"index","path":"E:\\hm\\ProjectOne\\entry\\build\\default\\intermediates\\loader_out\\default\\js\\MainAbility\\pages\\index","type":"directory","isSymbolicLink":false,"children":[{"hashValue":"5219e22ac4e376548423e6d4d44ea77b","name":"index.abc","path":"E:\\hm\\ProjectOne\\entry\\build\\default\\intermediates\\loader_out\\default\\js\\MainAbility\\pages\\index\\index.abc","type":"file","isSymbolicLink":false,"fileMetaData":{"size":42200,"lastModifiedTime":1681524383951}},{"hashValue":"83e39c5216582bfa5b029c0e8fee3cd9","name":"index.js","path":"E:\\hm\\ProjectOne\\entry\\build\\default\\intermediates\\loader_out\\default\\js\\MainAbility\\pages\\index\\index.js","type":"file","isSymbolicLink":false,"fileMetaData":{"size":20301,"lastModifiedTime":1681526516973}},{"hashValue":"a88022610fb97d0d1b4c98c1c61e2fa1","name":"index.js.map","path":"E:\\hm\\ProjectOne\\entry\\build\\default\\intermediates\\loader_out\\default\\js\\MainAbility\\pages\\index\\index.js.map","type":"file","isSymbolicLink":false,"fileMetaData":{"size":4527,"lastModifiedTime":1681526516973}}]}]},{"hashValue":"5c2723aafb3c0f5babd7cfaf77fdb456","name":"vendors.abc","path":"E:\\hm\\ProjectOne\\entry\\build\\default\\intermediates\\loader_out\\default\\js\\MainAbility\\vendors.abc","type":"file","isSymbolicLink":false,"fileMetaData":{"size":5548,"lastModifiedTime":1681521144926}},{"hashValue":"e0c59c0f614a90fa9f39204ba04e7a33","name":"vendors.js","path":"E:\\hm\\ProjectOne\\entry\\build\\default\\intermediates\\loader_out\\default\\js\\MainAbility\\vendors.js","type":"file","isSymbolicLink":false,"fileMetaData":{"size":2088,"lastModifiedTime":1681526516973}},{"hashValue":"16cf830874acfc77a7b3ba9f6e36808d","name":"vendors.js.map","path":"E:\\hm\\ProjectOne\\entry\\build\\default\\intermediates\\loader_out\\default\\js\\MainAbility\\vendors.js.map","type":"file","isSymbolicLink":false,"fileMetaData":{"size":548,"lastModifiedTime":1681526516973}}]}]},"E:\\hm\\ProjectOne\\entry\\build\\default\\intermediates\\loader_out\\default":{"hashValue":"1d762e115817a2e9386066fc7bc32d24","name":"default","path":"E:\\hm\\ProjectOne\\entry\\build\\default\\intermediates\\loader_out\\default","type":"directory","isSymbolicLink":false,"children":[{"hashValue":"554b42e95b74eb92a73ab2bfeb06ddf8","name":"js","path":"E:\\hm\\ProjectOne\\entry\\build\\default\\intermediates\\loader_out\\default\\js","type":"directory","isSymbolicLink":false,"children":[{"hashValue":"9775b57b8f3319fa5b276eb69dbce987","name":"MainAbility","path":"E:\\hm\\ProjectOne\\entry\\build\\default\\intermediates\\loader_out\\default\\js\\MainAbility","type":"directory","isSymbolicLink":false,"children":[{"hashValue":"085b5c41b88951167129d7a1079d0cff","name":"app.abc","path":"E:\\hm\\ProjectOne\\entry\\build\\default\\intermediates\\loader_out\\default\\js\\MainAbility\\app.abc","type":"file","isSymbolicLink":false,"fileMetaData":{"size":28168,"lastModifiedTime":1681521821334}},{"hashValue":"86cee2f1fcdb0eaad2b4e57bf3fdba79","name":"app.js","path":"E:\\hm\\ProjectOne\\entry\\build\\default\\intermediates\\loader_out\\default\\js\\MainAbility\\app.js","type":"file","isSymbolicLink":false,"fileMetaData":{"size":14054,"lastModifiedTime":1681526517057}},{"hashValue":"d0b1a1ca051c369b6fee66f68725b0f8","name":"app.js.map","path":"E:\\hm\\ProjectOne\\entry\\build\\default\\intermediates\\loader_out\\default\\js\\MainAbility\\app.js.map","type":"file","isSymbolicLink":false,"fileMetaData":{"size":1730,"lastModifiedTime":1681526516973}},{"hashValue":"46992c72f8a4b6f17a1f0a3a89116849","name":"i18n","path":"E:\\hm\\ProjectOne\\entry\\build\\default\\intermediates\\loader_out\\default\\js\\MainAbility\\i18n","type":"directory","isSymbolicLink":false,"children":[{"hashValue":"7d9d0d956b4fde254c0239de997c02c6","name":"en-US.json","path":"E:\\hm\\ProjectOne\\entry\\build\\default\\intermediates\\loader_out\\default\\js\\MainAbility\\i18n\\en-US.json","type":"file","isSymbolicLink":false,"fileMetaData":{"size":83,"lastModifiedTime":1681526516974}},{"hashValue":"e2a75daf061abdd2edcce69eb5fe369c","name":"zh-CN.json","path":"E:\\hm\\ProjectOne\\entry\\build\\default\\intermediates\\loader_out\\default\\js\\MainAbility\\i18n\\zh-CN.json","type":"file","isSymbolicLink":false,"fileMetaData":{"size":85,"lastModifiedTime":1681526516973}}]},{"hashValue":"7a26fcd4c68fbc2ae2b2d68d0f3fefe0","name":"manifest.json","path":"E:\\hm\\ProjectOne\\entry\\build\\default\\intermediates\\loader_out\\default\\js\\MainAbility\\manifest.json","type":"file","isSymbolicLink":false,"fileMetaData":{"size":253,"lastModifiedTime":1681526517167}},{"hashValue":"2afdfe08776de51cc8f81b10d0369614","name":"pages","path":"E:\\hm\\ProjectOne\\entry\\build\\default\\intermediates\\loader_out\\default\\js\\MainAbility\\pages","type":"directory","isSymbolicLink":false,"children":[{"hashValue":"33c0176c270a5e0d9d85841a3e6faa8b","name":"city","path":"E:\\hm\\ProjectOne\\entry\\build\\default\\intermediates\\loader_out\\default\\js\\MainAbility\\pages\\city","type":"directory","isSymbolicLink":false,"children":[{"hashValue":"424c58df087d267118deb80909c31471","name":"city.abc","path":"E:\\hm\\ProjectOne\\entry\\build\\default\\intermediates\\loader_out\\default\\js\\MainAbility\\pages\\city\\city.abc","type":"file","isSymbolicLink":false,"fileMetaData":{"size":42328,"lastModifiedTime":1681526517179}},{"hashValue":"2bb41dcd6e3d4fbe0f55cdec9d4542a5","name":"city.js","path":"E:\\hm\\ProjectOne\\entry\\build\\default\\intermediates\\loader_out\\default\\js\\MainAbility\\pages\\city\\city.js","type":"file","isSymbolicLink":false,"fileMetaData":{"size":19804,"lastModifiedTime":1681526516973}},{"hashValue":"66fcae3236efd65c9f2abce38b9c1162","name":"city.js.map","path":"E:\\hm\\ProjectOne\\entry\\build\\default\\intermediates\\loader_out\\default\\js\\MainAbility\\pages\\city\\city.js.map","type":"file","isSymbolicLink":false,"fileMetaData":{"size":4841,"lastModifiedTime":1681526516973}}]},{"hashValue":"7305c5332a8ca36d4096d4ef23307a2a","name":"index","path":"E:\\hm\\ProjectOne\\entry\\build\\default\\intermediates\\loader_out\\default\\js\\MainAbility\\pages\\index","type":"directory","isSymbolicLink":false,"children":[{"hashValue":"5219e22ac4e376548423e6d4d44ea77b","name":"index.abc","path":"E:\\hm\\ProjectOne\\entry\\build\\default\\intermediates\\loader_out\\default\\js\\MainAbility\\pages\\index\\index.abc","type":"file","isSymbolicLink":false,"fileMetaData":{"size":42200,"lastModifiedTime":1681524383951}},{"hashValue":"83e39c5216582bfa5b029c0e8fee3cd9","name":"index.js","path":"E:\\hm\\ProjectOne\\entry\\build\\default\\intermediates\\loader_out\\default\\js\\MainAbility\\pages\\index\\index.js","type":"file","isSymbolicLink":false,"fileMetaData":{"size":20301,"lastModifiedTime":1681526516973}},{"hashValue":"a88022610fb97d0d1b4c98c1c61e2fa1","name":"index.js.map","path":"E:\\hm\\ProjectOne\\entry\\build\\default\\intermediates\\loader_out\\default\\js\\MainAbility\\pages\\index\\index.js.map","type":"file","isSymbolicLink":false,"fileMetaData":{"size":4527,"lastModifiedTime":1681526516973}}]}]},{"hashValue":"5c2723aafb3c0f5babd7cfaf77fdb456","name":"vendors.abc","path":"E:\\hm\\ProjectOne\\entry\\build\\default\\intermediates\\loader_out\\default\\js\\MainAbility\\vendors.abc","type":"file","isSymbolicLink":false,"fileMetaData":{"size":5548,"lastModifiedTime":1681521144926}},{"hashValue":"e0c59c0f614a90fa9f39204ba04e7a33","name":"vendors.js","path":"E:\\hm\\ProjectOne\\entry\\build\\default\\intermediates\\loader_out\\default\\js\\MainAbility\\vendors.js","type":"file","isSymbolicLink":false,"fileMetaData":{"size":2088,"lastModifiedTime":1681526516973}},{"hashValue":"16cf830874acfc77a7b3ba9f6e36808d","name":"vendors.js.map","path":"E:\\hm\\ProjectOne\\entry\\build\\default\\intermediates\\loader_out\\default\\js\\MainAbility\\vendors.js.map","type":"file","isSymbolicLink":false,"fileMetaData":{"size":548,"lastModifiedTime":1681526516973}}]}]}]},"E:\\hm\\ProjectOne\\entry\\build\\default\\intermediates\\assets_jsbundle\\default\\js":{"hashValue":"554b42e95b74eb92a73ab2bfeb06ddf8","name":"js","path":"E:\\hm\\ProjectOne\\entry\\build\\default\\intermediates\\assets_jsbundle\\default\\js","type":"directory","isSymbolicLink":false,"children":[{"hashValue":"9775b57b8f3319fa5b276eb69dbce987","name":"MainAbility","path":"E:\\hm\\ProjectOne\\entry\\build\\default\\intermediates\\assets_jsbundle\\default\\js\\MainAbility","type":"directory","isSymbolicLink":false,"children":[{"hashValue":"085b5c41b88951167129d7a1079d0cff","name":"app.abc","path":"E:\\hm\\ProjectOne\\entry\\build\\default\\intermediates\\assets_jsbundle\\default\\js\\MainAbility\\app.abc","type":"file","isSymbolicLink":false,"fileMetaData":{"size":28168,"lastModifiedTime":1681521821334}},{"hashValue":"86cee2f1fcdb0eaad2b4e57bf3fdba79","name":"app.js","path":"E:\\hm\\ProjectOne\\entry\\build\\default\\intermediates\\assets_jsbundle\\default\\js\\MainAbility\\app.js","type":"file","isSymbolicLink":false,"fileMetaData":{"size":14054,"lastModifiedTime":1681526517057}},{"hashValue":"d0b1a1ca051c369b6fee66f68725b0f8","name":"app.js.map","path":"E:\\hm\\ProjectOne\\entry\\build\\default\\intermediates\\assets_jsbundle\\default\\js\\MainAbility\\app.js.map","type":"file","isSymbolicLink":false,"fileMetaData":{"size":1730,"lastModifiedTime":1681526516973}},{"hashValue":"46992c72f8a4b6f17a1f0a3a89116849","name":"i18n","path":"E:\\hm\\ProjectOne\\entry\\build\\default\\intermediates\\assets_jsbundle\\default\\js\\MainAbility\\i18n","type":"directory","isSymbolicLink":false,"children":[{"hashValue":"7d9d0d956b4fde254c0239de997c02c6","name":"en-US.json","path":"E:\\hm\\ProjectOne\\entry\\build\\default\\intermediates\\assets_jsbundle\\default\\js\\MainAbility\\i18n\\en-US.json","type":"file","isSymbolicLink":false,"fileMetaData":{"size":83,"lastModifiedTime":1681526516974}},{"hashValue":"e2a75daf061abdd2edcce69eb5fe369c","name":"zh-CN.json","path":"E:\\hm\\ProjectOne\\entry\\build\\default\\intermediates\\assets_jsbundle\\default\\js\\MainAbility\\i18n\\zh-CN.json","type":"file","isSymbolicLink":false,"fileMetaData":{"size":85,"lastModifiedTime":1681526516973}}]},{"hashValue":"7a26fcd4c68fbc2ae2b2d68d0f3fefe0","name":"manifest.json","path":"E:\\hm\\ProjectOne\\entry\\build\\default\\intermediates\\assets_jsbundle\\default\\js\\MainAbility\\manifest.json","type":"file","isSymbolicLink":false,"fileMetaData":{"size":253,"lastModifiedTime":1681526517167}},{"hashValue":"2afdfe08776de51cc8f81b10d0369614","name":"pages","path":"E:\\hm\\ProjectOne\\entry\\build\\default\\intermediates\\assets_jsbundle\\default\\js\\MainAbility\\pages","type":"directory","isSymbolicLink":false,"children":[{"hashValue":"33c0176c270a5e0d9d85841a3e6faa8b","name":"city","path":"E:\\hm\\ProjectOne\\entry\\build\\default\\intermediates\\assets_jsbundle\\default\\js\\MainAbility\\pages\\city","type":"directory","isSymbolicLink":false,"children":[{"hashValue":"424c58df087d267118deb80909c31471","name":"city.abc","path":"E:\\hm\\ProjectOne\\entry\\build\\default\\intermediates\\assets_jsbundle\\default\\js\\MainAbility\\pages\\city\\city.abc","type":"file","isSymbolicLink":false,"fileMetaData":{"size":42328,"lastModifiedTime":1681526517179}},{"hashValue":"2bb41dcd6e3d4fbe0f55cdec9d4542a5","name":"city.js","path":"E:\\hm\\ProjectOne\\entry\\build\\default\\intermediates\\assets_jsbundle\\default\\js\\MainAbility\\pages\\city\\city.js","type":"file","isSymbolicLink":false,"fileMetaData":{"size":19804,"lastModifiedTime":1681526516973}},{"hashValue":"66fcae3236efd65c9f2abce38b9c1162","name":"city.js.map","path":"E:\\hm\\ProjectOne\\entry\\build\\default\\intermediates\\assets_jsbundle\\default\\js\\MainAbility\\pages\\city\\city.js.map","type":"file","isSymbolicLink":false,"fileMetaData":{"size":4841,"lastModifiedTime":1681526516973}}]},{"hashValue":"7305c5332a8ca36d4096d4ef23307a2a","name":"index","path":"E:\\hm\\ProjectOne\\entry\\build\\default\\intermediates\\assets_jsbundle\\default\\js\\MainAbility\\pages\\index","type":"directory","isSymbolicLink":false,"children":[{"hashValue":"5219e22ac4e376548423e6d4d44ea77b","name":"index.abc","path":"E:\\hm\\ProjectOne\\entry\\build\\default\\intermediates\\assets_jsbundle\\default\\js\\MainAbility\\pages\\index\\index.abc","type":"file","isSymbolicLink":false,"fileMetaData":{"size":42200,"lastModifiedTime":1681524383951}},{"hashValue":"83e39c5216582bfa5b029c0e8fee3cd9","name":"index.js","path":"E:\\hm\\ProjectOne\\entry\\build\\default\\intermediates\\assets_jsbundle\\default\\js\\MainAbility\\pages\\index\\index.js","type":"file","isSymbolicLink":false,"fileMetaData":{"size":20301,"lastModifiedTime":1681526516973}},{"hashValue":"a88022610fb97d0d1b4c98c1c61e2fa1","name":"index.js.map","path":"E:\\hm\\ProjectOne\\entry\\build\\default\\intermediates\\assets_jsbundle\\default\\js\\MainAbility\\pages\\index\\index.js.map","type":"file","isSymbolicLink":false,"fileMetaData":{"size":4527,"lastModifiedTime":1681526516973}}]}]},{"hashValue":"5c2723aafb3c0f5babd7cfaf77fdb456","name":"vendors.abc","path":"E:\\hm\\ProjectOne\\entry\\build\\default\\intermediates\\assets_jsbundle\\default\\js\\MainAbility\\vendors.abc","type":"file","isSymbolicLink":false,"fileMetaData":{"size":5548,"lastModifiedTime":1681521144926}},{"hashValue":"e0c59c0f614a90fa9f39204ba04e7a33","name":"vendors.js","path":"E:\\hm\\ProjectOne\\entry\\build\\default\\intermediates\\assets_jsbundle\\default\\js\\MainAbility\\vendors.js","type":"file","isSymbolicLink":false,"fileMetaData":{"size":2088,"lastModifiedTime":1681526516973}},{"hashValue":"16cf830874acfc77a7b3ba9f6e36808d","name":"vendors.js.map","path":"E:\\hm\\ProjectOne\\entry\\build\\default\\intermediates\\assets_jsbundle\\default\\js\\MainAbility\\vendors.js.map","type":"file","isSymbolicLink":false,"fileMetaData":{"size":548,"lastModifiedTime":1681526516973}}]}]},"E:\\hm\\ProjectOne\\entry\\build\\default\\intermediates\\assets_jsbundle\\default":{"hashValue":"1d762e115817a2e9386066fc7bc32d24","name":"default","path":"E:\\hm\\ProjectOne\\entry\\build\\default\\intermediates\\assets_jsbundle\\default","type":"directory","isSymbolicLink":false,"children":[{"hashValue":"554b42e95b74eb92a73ab2bfeb06ddf8","name":"js","path":"E:\\hm\\ProjectOne\\entry\\build\\default\\intermediates\\assets_jsbundle\\default\\js","type":"directory","isSymbolicLink":false,"children":[{"hashValue":"9775b57b8f3319fa5b276eb69dbce987","name":"MainAbility","path":"E:\\hm\\ProjectOne\\entry\\build\\default\\intermediates\\assets_jsbundle\\default\\js\\MainAbility","type":"directory","isSymbolicLink":false,"children":[{"hashValue":"085b5c41b88951167129d7a1079d0cff","name":"app.abc","path":"E:\\hm\\ProjectOne\\entry\\build\\default\\intermediates\\assets_jsbundle\\default\\js\\MainAbility\\app.abc","type":"file","isSymbolicLink":false,"fileMetaData":{"size":28168,"lastModifiedTime":1681521821334}},{"hashValue":"86cee2f1fcdb0eaad2b4e57bf3fdba79","name":"app.js","path":"E:\\hm\\ProjectOne\\entry\\build\\default\\intermediates\\assets_jsbundle\\default\\js\\MainAbility\\app.js","type":"file","isSymbolicLink":false,"fileMetaData":{"size":14054,"lastModifiedTime":1681526517057}},{"hashValue":"d0b1a1ca051c369b6fee66f68725b0f8","name":"app.js.map","path":"E:\\hm\\ProjectOne\\entry\\build\\default\\intermediates\\assets_jsbundle\\default\\js\\MainAbility\\app.js.map","type":"file","isSymbolicLink":false,"fileMetaData":{"size":1730,"lastModifiedTime":1681526516973}},{"hashValue":"46992c72f8a4b6f17a1f0a3a89116849","name":"i18n","path":"E:\\hm\\ProjectOne\\entry\\build\\default\\intermediates\\assets_jsbundle\\default\\js\\MainAbility\\i18n","type":"directory","isSymbolicLink":false,"children":[{"hashValue":"7d9d0d956b4fde254c0239de997c02c6","name":"en-US.json","path":"E:\\hm\\ProjectOne\\entry\\build\\default\\intermediates\\assets_jsbundle\\default\\js\\MainAbility\\i18n\\en-US.json","type":"file","isSymbolicLink":false,"fileMetaData":{"size":83,"lastModifiedTime":1681526516974}},{"hashValue":"e2a75daf061abdd2edcce69eb5fe369c","name":"zh-CN.json","path":"E:\\hm\\ProjectOne\\entry\\build\\default\\intermediates\\assets_jsbundle\\default\\js\\MainAbility\\i18n\\zh-CN.json","type":"file","isSymbolicLink":false,"fileMetaData":{"size":85,"lastModifiedTime":1681526516973}}]},{"hashValue":"7a26fcd4c68fbc2ae2b2d68d0f3fefe0","name":"manifest.json","path":"E:\\hm\\ProjectOne\\entry\\build\\default\\intermediates\\assets_jsbundle\\default\\js\\MainAbility\\manifest.json","type":"file","isSymbolicLink":false,"fileMetaData":{"size":253,"lastModifiedTime":1681526517167}},{"hashValue":"2afdfe08776de51cc8f81b10d0369614","name":"pages","path":"E:\\hm\\ProjectOne\\entry\\build\\default\\intermediates\\assets_jsbundle\\default\\js\\MainAbility\\pages","type":"directory","isSymbolicLink":false,"children":[{"hashValue":"33c0176c270a5e0d9d85841a3e6faa8b","name":"city","path":"E:\\hm\\ProjectOne\\entry\\build\\default\\intermediates\\assets_jsbundle\\default\\js\\MainAbility\\pages\\city","type":"directory","isSymbolicLink":false,"children":[{"hashValue":"424c58df087d267118deb80909c31471","name":"city.abc","path":"E:\\hm\\ProjectOne\\entry\\build\\default\\intermediates\\assets_jsbundle\\default\\js\\MainAbility\\pages\\city\\city.abc","type":"file","isSymbolicLink":false,"fileMetaData":{"size":42328,"lastModifiedTime":1681526517179}},{"hashValue":"2bb41dcd6e3d4fbe0f55cdec9d4542a5","name":"city.js","path":"E:\\hm\\ProjectOne\\entry\\build\\default\\intermediates\\assets_jsbundle\\default\\js\\MainAbility\\pages\\city\\city.js","type":"file","isSymbolicLink":false,"fileMetaData":{"size":19804,"lastModifiedTime":1681526516973}},{"hashValue":"66fcae3236efd65c9f2abce38b9c1162","name":"city.js.map","path":"E:\\hm\\ProjectOne\\entry\\build\\default\\intermediates\\assets_jsbundle\\default\\js\\MainAbility\\pages\\city\\city.js.map","type":"file","isSymbolicLink":false,"fileMetaData":{"size":4841,"lastModifiedTime":1681526516973}}]},{"hashValue":"7305c5332a8ca36d4096d4ef23307a2a","name":"index","path":"E:\\hm\\ProjectOne\\entry\\build\\default\\intermediates\\assets_jsbundle\\default\\js\\MainAbility\\pages\\index","type":"directory","isSymbolicLink":false,"children":[{"hashValue":"5219e22ac4e376548423e6d4d44ea77b","name":"index.abc","path":"E:\\hm\\ProjectOne\\entry\\build\\default\\intermediates\\assets_jsbundle\\default\\js\\MainAbility\\pages\\index\\index.abc","type":"file","isSymbolicLink":false,"fileMetaData":{"size":42200,"lastModifiedTime":1681524383951}},{"hashValue":"83e39c5216582bfa5b029c0e8fee3cd9","name":"index.js","path":"E:\\hm\\ProjectOne\\entry\\build\\default\\intermediates\\assets_jsbundle\\default\\js\\MainAbility\\pages\\index\\index.js","type":"file","isSymbolicLink":false,"fileMetaData":{"size":20301,"lastModifiedTime":1681526516973}},{"hashValue":"a88022610fb97d0d1b4c98c1c61e2fa1","name":"index.js.map","path":"E:\\hm\\ProjectOne\\entry\\build\\default\\intermediates\\assets_jsbundle\\default\\js\\MainAbility\\pages\\index\\index.js.map","type":"file","isSymbolicLink":false,"fileMetaData":{"size":4527,"lastModifiedTime":1681526516973}}]}]},{"hashValue":"5c2723aafb3c0f5babd7cfaf77fdb456","name":"vendors.abc","path":"E:\\hm\\ProjectOne\\entry\\build\\default\\intermediates\\assets_jsbundle\\default\\js\\MainAbility\\vendors.abc","type":"file","isSymbolicLink":false,"fileMetaData":{"size":5548,"lastModifiedTime":1681521144926}},{"hashValue":"e0c59c0f614a90fa9f39204ba04e7a33","name":"vendors.js","path":"E:\\hm\\ProjectOne\\entry\\build\\default\\intermediates\\assets_jsbundle\\default\\js\\MainAbility\\vendors.js","type":"file","isSymbolicLink":false,"fileMetaData":{"size":2088,"lastModifiedTime":1681526516973}},{"hashValue":"16cf830874acfc77a7b3ba9f6e36808d","name":"vendors.js.map","path":"E:\\hm\\ProjectOne\\entry\\build\\default\\intermediates\\assets_jsbundle\\default\\js\\MainAbility\\vendors.js.map","type":"file","isSymbolicLink":false,"fileMetaData":{"size":548,"lastModifiedTime":1681526516973}}]}]}]},"E:\\hm\\ProjectOne\\entry\\build\\default\\intermediates\\res\\default\\config.json":{"hashValue":"46216f7c8f07ef113062406d70c85b3d","name":"config.json","path":"E:\\hm\\ProjectOne\\entry\\build\\default\\intermediates\\res\\default\\config.json","type":"file","isSymbolicLink":false,"fileMetaData":{"size":2476,"lastModifiedTime":1681526509564}},"E:\\hm\\ProjectOne\\entry\\build\\default\\intermediates\\res\\default\\resources":{"hashValue":"5feed78619e736b68dc771aca3b1e831","name":"resources","path":"E:\\hm\\ProjectOne\\entry\\build\\default\\intermediates\\res\\default\\resources","type":"directory","isSymbolicLink":false,"children":[{"hashValue":"27724f172be5070b09f2b687495b9353","name":"base","path":"E:\\hm\\ProjectOne\\entry\\build\\default\\intermediates\\res\\default\\resources\\base","type":"directory","isSymbolicLink":false,"children":[{"hashValue":"b536ccb61c273ee7471a51161e76fc00","name":"media","path":"E:\\hm\\ProjectOne\\entry\\build\\default\\intermediates\\res\\default\\resources\\base\\media","type":"directory","isSymbolicLink":false,"children":[{"hashValue":"6e69c3a9b31fd2071d52336ba68267e2","name":"icon.png","path":"E:\\hm\\ProjectOne\\entry\\build\\default\\intermediates\\res\\default\\resources\\base\\media\\icon.png","type":"file","isSymbolicLink":false,"fileMetaData":{"size":6790,"lastModifiedTime":1681520505680}}]}]},{"hashValue":"","name":"rawfile","path":"E:\\hm\\ProjectOne\\entry\\build\\default\\intermediates\\res\\default\\resources\\rawfile","type":"directory","isSymbolicLink":false,"children":[]}]},"E:\\hm\\ProjectOne\\entry\\build\\default\\intermediates\\res\\default\\resources.index":{"hashValue":"b0b3fcae5e58032e8131425ed7d2345f","name":"resources.index","path":"E:\\hm\\ProjectOne\\entry\\build\\default\\intermediates\\res\\default\\resources.index","type":"file","isSymbolicLink":false,"fileMetaData":{"size":811,"lastModifiedTime":1681526509565}},"E:\\hm\\ProjectOne\\entry\\build\\default\\outputs\\default\\entry-default-unsigned.hap":{"hashValue":"eb7a53ea7feaf4d45dd4ecd4df44a6eb","name":"entry-default-unsigned.hap","path":"E:\\hm\\ProjectOne\\entry\\build\\default\\outputs\\default\\entry-default-unsigned.hap","type":"file","isSymbolicLink":false,"fileMetaData":{"size":198982,"lastModifiedTime":1681526517944}},"E:\\hm\\ProjectOne\\entry\\.preview\\default\\intermediates\\merge_profile\\default\\config.json":{"hashValue":"415b8b78504a0b2bfb4d6b2bb8af186f","name":"config.json","path":"E:\\hm\\ProjectOne\\entry\\.preview\\default\\intermediates\\merge_profile\\default\\config.json","type":"file","isSymbolicLink":false,"fileMetaData":{"size":1350,"lastModifiedTime":1681526584885}},"E:\\hm\\ProjectOne\\entry\\.preview\\default\\intermediates\\manifest\\default":{"hashValue":"7e60df5998b1e7fbce24cd645365d2a4","name":"default","path":"E:\\hm\\ProjectOne\\entry\\.preview\\default\\intermediates\\manifest\\default","type":"directory","isSymbolicLink":false,"children":[{"hashValue":"7a7efe7e31866f5c50f1847f8f0c6549","name":"MainAbility","path":"E:\\hm\\ProjectOne\\entry\\.preview\\default\\intermediates\\manifest\\default\\MainAbility","type":"directory","isSymbolicLink":false,"children":[{"hashValue":"a2c63e7fe861021030890adca67d59c0","name":"manifest.json","path":"E:\\hm\\ProjectOne\\entry\\.preview\\default\\intermediates\\manifest\\default\\MainAbility\\manifest.json","type":"file","isSymbolicLink":false,"fileMetaData":{"size":253,"lastModifiedTime":1681526584890}}]}]},"E:\\hm\\ProjectOne\\entry\\.preview\\default\\intermediates\\loader\\default\\MainAbility\\loader.json":{"hashValue":"0d84f2e039a16b306bac9ea852852188","name":"loader.json","path":"E:\\hm\\ProjectOne\\entry\\.preview\\default\\intermediates\\loader\\default\\MainAbility\\loader.json","type":"file","isSymbolicLink":false,"fileMetaData":{"size":120,"lastModifiedTime":1681526584898}},"E:\\hm\\ProjectOne\\entry\\.preview\\default\\intermediates\\process_profile\\default\\config.json":{"hashValue":"6035138e0fd44d68e1d031c4d4337d55","name":"config.json","path":"E:\\hm\\ProjectOne\\entry\\.preview\\default\\intermediates\\process_profile\\default\\config.json","type":"file","isSymbolicLink":false,"fileMetaData":{"size":1015,"lastModifiedTime":1681526585101}},"E:\\hm\\ProjectOne\\entry\\.preview\\default\\intermediates\\res\\default":{"hashValue":"90ce5af018f81e91735ea9ba44b6ece4","name":"default","path":"E:\\hm\\ProjectOne\\entry\\.preview\\default\\intermediates\\res\\default","type":"directory","isSymbolicLink":false,"children":[{"hashValue":"1d6c9e0c4b7f7725d9a5540c255f58e2","name":"config.json","path":"E:\\hm\\ProjectOne\\entry\\.preview\\default\\intermediates\\res\\default\\config.json","type":"file","isSymbolicLink":false,"fileMetaData":{"size":2476,"lastModifiedTime":1681526585345}},{"hashValue":"4302da8f3908bf72f55b102733ea458a","name":"module_compiled","path":"E:\\hm\\ProjectOne\\entry\\.preview\\default\\intermediates\\res\\default\\module_compiled","type":"directory","isSymbolicLink":false,"children":[{"hashValue":"e88e12feabf29fa3f3bc9ca0f8fe9c93","name":"16584926459579996147","path":"E:\\hm\\ProjectOne\\entry\\.preview\\default\\intermediates\\res\\default\\module_compiled\\16584926459579996147","type":"file","isSymbolicLink":false,"fileMetaData":{"size":414,"lastModifiedTime":1681526585235}},{"hashValue":"295bbceb4cf3d89e66475e2af9542385","name":"3494220397849825600","path":"E:\\hm\\ProjectOne\\entry\\.preview\\default\\intermediates\\res\\default\\module_compiled\\3494220397849825600","type":"file","isSymbolicLink":false,"fileMetaData":{"size":360,"lastModifiedTime":1681526585233}},{"hashValue":"95afa7b8773dc8b07eb73a421251bd8f","name":"5986245007378641051","path":"E:\\hm\\ProjectOne\\entry\\.preview\\default\\intermediates\\res\\default\\module_compiled\\5986245007378641051","type":"file","isSymbolicLink":false,"fileMetaData":{"size":408,"lastModifiedTime":1681526585237}},{"hashValue":"c8c2193d50a93b9d166e3b4ac84fc40d","name":"6218145691642726356","path":"E:\\hm\\ProjectOne\\entry\\.preview\\default\\intermediates\\res\\default\\module_compiled\\6218145691642726356","type":"file","isSymbolicLink":false,"fileMetaData":{"size":158,"lastModifiedTime":1681526585234}},{"hashValue":"1dda5946ac79a070842480daf963ae1e","name":"7150555324314162081","path":"E:\\hm\\ProjectOne\\entry\\.preview\\default\\intermediates\\res\\default\\module_compiled\\7150555324314162081","type":"file","isSymbolicLink":false,"fileMetaData":{"size":123,"lastModifiedTime":1681526585232}}]},{"hashValue":"d8193ed99996fbcc011e9f5f4138dce3","name":"resources.index","path":"E:\\hm\\ProjectOne\\entry\\.preview\\default\\intermediates\\res\\default\\resources.index","type":"file","isSymbolicLink":false,"fileMetaData":{"size":837,"lastModifiedTime":1681526585344}},{"hashValue":"3f34f5e4b98093af72ab175ab8354f7f","name":"ResourceTable.txt","path":"E:\\hm\\ProjectOne\\entry\\.preview\\default\\intermediates\\res\\default\\ResourceTable.txt","type":"file","isSymbolicLink":false,"fileMetaData":{"size":163,"lastModifiedTime":1681526585346}}]},"E:\\hm\\ProjectOne\\entry\\.preview\\default\\cache\\default\\r\\ResourceTable.h":{"hashValue":"8b3a67b1571de2aa91e9b13701f6aab6","name":"ResourceTable.h","path":"E:\\hm\\ProjectOne\\entry\\.preview\\default\\cache\\default\\r\\ResourceTable.h","type":"file","isSymbolicLink":false,"fileMetaData":{"size":954,"lastModifiedTime":1681526585345}},"E:\\hm\\ProjectOne\\entry\\.preview\\default\\cache\\default\\r":{"hashValue":"4b57866508a1845e934adbc33308a85c","name":"r","path":"E:\\hm\\ProjectOne\\entry\\.preview\\default\\cache\\default\\r","type":"directory","isSymbolicLink":false,"children":[{"hashValue":"8b3a67b1571de2aa91e9b13701f6aab6","name":"ResourceTable.h","path":"E:\\hm\\ProjectOne\\entry\\.preview\\default\\cache\\default\\r\\ResourceTable.h","type":"file","isSymbolicLink":false,"fileMetaData":{"size":954,"lastModifiedTime":1681526585345}}]},"{\"commandList\":[\"C:\\\\Users\\\\tyx\\\\AppData\\\\Local\\\\Huawei\\\\Sdk\\\\openharmony\\\\9\\\\toolchains\\\\restool.exe\",\"-m\",\"entry\",\"-f\",\"-j\",\"E:\\\\hm\\\\ProjectOne\\\\entry\\\\.preview\\\\default\\\\intermediates\\\\process_profile\\\\default\\\\config.json\",\"-p\",\"cn.edu.hit.myapplication\",\"-o\",\"E:\\\\hm\\\\ProjectOne\\\\entry\\\\.preview\\\\default\\\\intermediates\\\\res\\\\default\",\"-r\",\"E:\\\\hm\\\\ProjectOne\\\\entry\\\\.preview\\\\default\\\\cache\\\\default\\\\r\\\\ResourceTable.h\"],\"inputFiles\":{\"_group\":{}},\"outputFiles\":{\"_group\":{}},\"existsResourceDir\":true,\"restoolLinkParamObj\":{\"moduleResourcesMap\":{},\"harResourcesMap\":{},\"outputPath\":\"E:\\\\hm\\\\ProjectOne\\\\entry\\\\.preview\\\\default\\\\intermediates\\\\res\\\\default\",\"linkCommand\":[\"C:\\\\Users\\\\tyx\\\\AppData\\\\Local\\\\Huawei\\\\Sdk\\\\openharmony\\\\9\\\\toolchains\\\\restool.exe\",\"-m\",\"entry\",\"-f\",\"-j\",\"E:\\\\hm\\\\ProjectOne\\\\entry\\\\.preview\\\\default\\\\intermediates\\\\process_profile\\\\default\\\\config.json\",\"-p\",\"cn.edu.hit.myapplication\",\"-r\",\"E:\\\\hm\\\\ProjectOne\\\\entry\\\\.preview\\\\default\\\\cache\\\\default\\\\r\\\\ResourceTable.h\",\"-z\"]}}":{"hashValue":"","name":"emptyroot","path":"","type":"unknown","isSymbolicLink":false,"children":[]}}