{":ProjectOne:entry:default@LegacyPreBuild":{"_inputs":[{"dataType":"ValueEntry","value":"{\"_name\":\"BUILTIN_TASK_COMMAND\",\"_value\":\"\",\"_valueType\":\"string\",\"_hash\":\"0b5d05294fdf4e78e8482ef53eb64ac0\"}"},{"dataType":"ValueEntry","value":"{\"_name\":\"BUILTIN_TASK_ENV\",\"_value\":\"\",\"_valueType\":\"string\",\"_hash\":\"cdcdc2ec8062ca9ec1de46dbf2bbc053\"}"},{"dataType":"ValueEntry","value":"{\"_name\":\"BUILTIN_TASK_TOOLCHAIN\",\"_value\":\"\",\"_valueType\":\"string\",\"_hash\":\"e7f94a9422a8bc317a7d90b58efcb5f6\"}"},{"dataType":"ValueEntry","value":"{\"_name\":\"apiType\",\"_value\":\"faMode\",\"_valueType\":\"string\",\"_hash\":\"37e58198414fce0f1bb44aa7ab33c256\"}"},{"dataType":"ValueEntry","value":"{\"_name\":\"compatibleApiVersion\",\"_value\":9,\"_valueType\":\"number\",\"_hash\":\"8f14da7cda665d5f6676adf8a127634f\"}"},{"dataType":"ValueEntry","value":"{\"_name\":\"compileApiVersion\",\"_value\":9,\"_valueType\":\"number\",\"_hash\":\"cdd5413832c7470f85f225c67a87a683\"}"},{"dataType":"ValueEntry","value":"{\"_name\":\"isESModule\",\"_value\":false,\"_valueType\":\"boolean\",\"_hash\":\"a3b4105df5ea73f0f03c34815c0c4cb8\"}"},{"dataType":"ValueEntry","value":"{\"_name\":\"moduleType\",\"_value\":\"entry\",\"_valueType\":\"string\",\"_hash\":\"8916cb1bf82abb4625b640591bdede6a\"}"},{"dataType":"ValueEntry","value":"{\"_name\":\"profileModuleName\",\"_value\":\"entry\",\"_valueType\":\"string\",\"_hash\":\"b174ea6ff5824844dde5ad92f6b3ef2b\"}"},{"dataType":"ValueEntry","value":"{\"_name\":\"sdkToolchainsComponentVersion\",\"_value\":\"3.2.2.6\",\"_valueType\":\"string\",\"_hash\":\"424c5a8b195c70a7201ed6d9826108fe\"}"},{"dataType":"ValueEntry","value":"{\"_name\":\"targetStatusCode\",\"_value\":2,\"_valueType\":\"number\",\"_hash\":\"5a9255c0f4ee50904a9349ebafca8369\"}"}],"_successful":true,"_projectName":"ProjectOne","_moduleName":"entry","_taskName":"default@LegacyPreBuild","_key":":ProjectOne:entry:default@LegacyPreBuild","_executionId":":ProjectOne:entry:default@LegacyPreBuild:1681521446720","_inputFiles":{"dataType":"Map","value":[["E:\\hm\\ProjectOne\\entry\\src\\main\\config.json",{"isDirectory":false,"fileSnapShotHashValue":"4dacbaa7b84760ef602ee7c96950dd13"}]]},"_outputFiles":{"dataType":"Map","value":[]}},":ProjectOne:entry:default@LegacyMergeProfile":{"_inputs":[{"dataType":"ValueEntry","value":"{\"_name\":\"BUILTIN_TASK_COMMAND\",\"_value\":\"\",\"_valueType\":\"string\",\"_hash\":\"0b5d05294fdf4e78e8482ef53eb64ac0\"}"},{"dataType":"ValueEntry","value":"{\"_name\":\"BUILTIN_TASK_ENV\",\"_value\":\"\",\"_valueType\":\"string\",\"_hash\":\"cdcdc2ec8062ca9ec1de46dbf2bbc053\"}"},{"dataType":"ValueEntry","value":"{\"_name\":\"BUILTIN_TASK_TOOLCHAIN\",\"_value\":\"\",\"_valueType\":\"string\",\"_hash\":\"e7f94a9422a8bc317a7d90b58efcb5f6\"}"},{"dataType":"ValueEntry","value":"{\"_name\":\"buildRoot\",\"_value\":\".preview\",\"_valueType\":\"string\",\"_hash\":\"88e9a315669657b02bc470a13f92befe\"}"},{"dataType":"ValueEntry","value":"{\"_name\":\"compatibleSdkVersion\",\"_value\":9,\"_valueType\":\"number\",\"_hash\":\"789a8631987a2e2b1a03b001c78d0180\"}"},{"dataType":"ValueEntry","value":"{\"_name\":\"isDebug\",\"_value\":true,\"_valueType\":\"boolean\",\"_hash\":\"edbf05a2d2be2c385e75d9565a48d419\"}"},{"dataType":"ValueEntry","value":"{\"_name\":\"releaseType\",\"_value\":\"Beta1\",\"_valueType\":\"string\",\"_hash\":\"1a006c1958194950c056f6e6aa5438b0\"}"},{"dataType":"ValueEntry","value":"{\"_name\":\"targetSdkVersion\",\"_value\":9,\"_valueType\":\"number\",\"_hash\":\"09b2bdc967d8b97f7b9bf4f19735497e\"}"}],"_successful":true,"_projectName":"ProjectOne","_moduleName":"entry","_taskName":"default@LegacyMergeProfile","_key":":ProjectOne:entry:default@LegacyMergeProfile","_executionId":":ProjectOne:entry:default@LegacyMergeProfile:1681526584883","_inputFiles":{"dataType":"Map","value":[["E:\\hm\\ProjectOne\\entry\\src\\main\\config.json",{"fileSnapShotHashValue":"4dacbaa7b84760ef602ee7c96950dd13"}]]},"_outputFiles":{"dataType":"Map","value":[["E:\\hm\\ProjectOne\\entry\\.preview\\default\\intermediates\\merge_profile\\default\\config.json",{"fileSnapShotHashValue":"415b8b78504a0b2bfb4d6b2bb8af186f"}]]}},":ProjectOne:entry:default@LegacyGenerateJsManifest":{"_inputs":[{"dataType":"ValueEntry","value":"{\"_name\":\"ABILITIES_HASH\",\"_value\":\"d751713988987e9331980363e24189ce\",\"_valueType\":\"string\",\"_hash\":\"f7357881de3429e54571dc87ec67c404\"}"},{"dataType":"ValueEntry","value":"{\"_name\":\"ABI_OBJ_HASH\",\"_value\":\"3482e7c5b0c2c4a9196c5a53c3d870c0\",\"_valueType\":\"string\",\"_hash\":\"f309921a94dae7de16ece2b5da40b56c\"}"},{"dataType":"ValueEntry","value":"{\"_name\":\"BUILTIN_TASK_COMMAND\",\"_value\":\"\",\"_valueType\":\"string\",\"_hash\":\"0b5d05294fdf4e78e8482ef53eb64ac0\"}"},{"dataType":"ValueEntry","value":"{\"_name\":\"BUILTIN_TASK_ENV\",\"_value\":\"\",\"_valueType\":\"string\",\"_hash\":\"cdcdc2ec8062ca9ec1de46dbf2bbc053\"}"},{"dataType":"ValueEntry","value":"{\"_name\":\"BUILTIN_TASK_TOOLCHAIN\",\"_value\":\"\",\"_valueType\":\"string\",\"_hash\":\"e7f94a9422a8bc317a7d90b58efcb5f6\"}"},{"dataType":"ValueEntry","value":"{\"_name\":\"CONFIG_OBJ\",\"_value\":\"258614f1120a4bae5c0c9c631e6ce772\",\"_valueType\":\"string\",\"_hash\":\"a87a9456537a52a63bb8c08045fafd7b\"}"},{"dataType":"ValueEntry","value":"{\"_name\":\"HAS_LITE_DEVICE\",\"_value\":false,\"_valueType\":\"boolean\",\"_hash\":\"e29d1645b32f605c4574c70c1464186c\"}"},{"dataType":"ValueEntry","value":"{\"_name\":\"MIN_PLATFORM_VERSION\",\"_value\":9,\"_valueType\":\"number\",\"_hash\":\"7d71010940056e296fc67e2bb267d2bc\"}"},{"dataType":"ValueEntry","value":"{\"_name\":\"PREVIEWER_REPLACE_PAGE\",\"_valueType\":\"undefined\",\"_hash\":\"3639be47d3d2ca8aebcdfcb1d2ed902c\"}"},{"dataType":"ValueEntry","value":"{\"_name\":\"PREVIEWER_REPLACE_SRCPATH\",\"_valueType\":\"undefined\",\"_hash\":\"87c8734cdd76ef404568e7fd0eb4edd7\"}"}],"_successful":true,"_projectName":"ProjectOne","_moduleName":"entry","_taskName":"default@LegacyGenerateJsManifest","_key":":ProjectOne:entry:default@LegacyGenerateJsManifest","_executionId":":ProjectOne:entry:default@LegacyGenerateJsManifest:1681526584888","_inputFiles":{"dataType":"Map","value":[]},"_outputFiles":{"dataType":"Map","value":[["E:\\hm\\ProjectOne\\entry\\.preview\\default\\intermediates\\manifest\\default",{"fileSnapShotHashValue":"7e60df5998b1e7fbce24cd645365d2a4"}]]}},":ProjectOne:entry:default@LegacyGenerateLoaderJson":{"_inputs":[{"dataType":"ValueEntry","value":"{\"_name\":\"BUILTIN_TASK_COMMAND\",\"_value\":\"\",\"_valueType\":\"string\",\"_hash\":\"0b5d05294fdf4e78e8482ef53eb64ac0\"}"},{"dataType":"ValueEntry","value":"{\"_name\":\"BUILTIN_TASK_ENV\",\"_value\":\"\",\"_valueType\":\"string\",\"_hash\":\"cdcdc2ec8062ca9ec1de46dbf2bbc053\"}"},{"dataType":"ValueEntry","value":"{\"_name\":\"BUILTIN_TASK_TOOLCHAIN\",\"_value\":\"\",\"_valueType\":\"string\",\"_hash\":\"e7f94a9422a8bc317a7d90b58efcb5f6\"}"},{"dataType":"ValueEntry","value":"{\"_name\":\"modulePathMap\",\"_value\":\"{\\\"entry\\\":\\\"E:\\\\\\\\hm\\\\\\\\ProjectOne\\\\\\\\entry\\\"}\",\"_valueType\":\"string\",\"_hash\":\"8c9df83686c2a38bcdc7ef9238809772\"}"},{"dataType":"ValueEntry","value":"{\"_name\":\"multiResourceBuildArray\",\"_value\":\"[null]\",\"_valueType\":\"string\",\"_hash\":\"43a4d5a96381f569e2a4aab7d3946f37\"}"},{"dataType":"ValueEntry","value":"{\"_name\":\"projectRootPath\",\"_value\":\"E:\\\\hm\\\\ProjectOne\",\"_valueType\":\"string\",\"_hash\":\"c4c86957bde1fb9ab61669e3bdd8299c\"}"}],"_successful":true,"_projectName":"ProjectOne","_moduleName":"entry","_taskName":"default@LegacyGenerateLoaderJson","_key":":ProjectOne:entry:default@LegacyGenerateLoaderJson","_executionId":":ProjectOne:entry:default@LegacyGenerateLoaderJson:1681526584891","_inputFiles":{"dataType":"Map","value":[]},"_outputFiles":{"dataType":"Map","value":[["E:\\hm\\ProjectOne\\entry\\.preview\\default\\intermediates\\loader\\default\\MainAbility\\loader.json",{"fileSnapShotHashValue":"0d84f2e039a16b306bac9ea852852188"}]]}},":ProjectOne:entry:default@LegacyMakePackInfo":{"_inputs":[{"dataType":"ValueEntry","value":"{\"_name\":\"BUILTIN_TASK_COMMAND\",\"_value\":\"\",\"_valueType\":\"string\"}"},{"dataType":"ValueEntry","value":"{\"_name\":\"BUILTIN_TASK_ENV\",\"_value\":\"\",\"_valueType\":\"string\"}"},{"dataType":"ValueEntry","value":"{\"_name\":\"BUILTIN_TASK_TOOLCHAIN\",\"_value\":\"\",\"_valueType\":\"string\"}"},{"dataType":"ValueEntry","value":"{\"_name\":\"compatibleSdkVersion\",\"_value\":9,\"_valueType\":\"number\"}"},{"dataType":"ValueEntry","value":"{\"_name\":\"compileSdkVersion\",\"_value\":9,\"_valueType\":\"number\"}"},{"dataType":"ValueEntry","value":"{\"_name\":\"deviceTypes\",\"_value\":[\"phone\"],\"_valueType\":\"object\"}"}],"_successful":true,"_projectName":"ProjectOne","_moduleName":"entry","_taskName":"default@LegacyMakePackInfo","_key":":ProjectOne:entry:default@LegacyMakePackInfo","_executionId":":ProjectOne:entry:default@LegacyMakePackInfo:1681521814489","_inputFiles":{"dataType":"Map","value":[["E:\\hm\\ProjectOne\\entry\\src\\main\\config.json",{"fileSnapShotHashValue":"4dacbaa7b84760ef602ee7c96950dd13"}]]},"_outputFiles":{"dataType":"Map","value":[["E:\\hm\\ProjectOne\\entry\\build\\default\\outputs\\default\\pack.info",{"fileSnapShotHashValue":"baafe221f2879da593fa733a475dc792"}]]}},":ProjectOne:entry:default@LegacyProcessProfile":{"_inputs":[{"dataType":"ValueEntry","value":"{\"_name\":\"BUILTIN_TASK_COMMAND\",\"_value\":\"\",\"_valueType\":\"string\",\"_hash\":\"0b5d05294fdf4e78e8482ef53eb64ac0\"}"},{"dataType":"ValueEntry","value":"{\"_name\":\"BUILTIN_TASK_ENV\",\"_value\":\"\",\"_valueType\":\"string\",\"_hash\":\"cdcdc2ec8062ca9ec1de46dbf2bbc053\"}"},{"dataType":"ValueEntry","value":"{\"_name\":\"BUILTIN_TASK_TOOLCHAIN\",\"_value\":\"\",\"_valueType\":\"string\",\"_hash\":\"e7f94a9422a8bc317a7d90b58efcb5f6\"}"},{"dataType":"ValueEntry","value":"{\"_name\":\"arkEnable\",\"_value\":true,\"_valueType\":\"boolean\",\"_hash\":\"750b4bda198545a67903dfb3f6a00a95\"}"},{"dataType":"ValueEntry","value":"{\"_name\":\"deviceTypes\",\"_value\":[\"phone\"],\"_valueType\":\"object\",\"_hash\":\"bad57feb108b0c386255b211cb9b3622\"}"}],"_successful":true,"_projectName":"ProjectOne","_moduleName":"entry","_taskName":"default@LegacyProcessProfile","_key":":ProjectOne:entry:default@LegacyProcessProfile","_executionId":":ProjectOne:entry:default@LegacyProcessProfile:1681526584899","_inputFiles":{"dataType":"Map","value":[["E:\\hm\\ProjectOne\\entry\\.preview\\default\\intermediates\\merge_profile\\default\\config.json",{"fileSnapShotHashValue":"415b8b78504a0b2bfb4d6b2bb8af186f"}],["E:\\hm\\ProjectOne\\entry\\build-profile.json5",{"fileSnapShotHashValue":"dfe7f6a154dcef0f3eab87895b38904b"}]]},"_outputFiles":{"dataType":"Map","value":[["E:\\hm\\ProjectOne\\entry\\.preview\\default\\intermediates\\process_profile\\default\\config.json",{"fileSnapShotHashValue":"6035138e0fd44d68e1d031c4d4337d55"}]]}},":ProjectOne:entry:default@LegacyProcessResource":{"_inputs":[{"dataType":"ValueEntry","value":"{\"_name\":\"BUILTIN_TASK_COMMAND\",\"_value\":\"\",\"_valueType\":\"string\"}"},{"dataType":"ValueEntry","value":"{\"_name\":\"BUILTIN_TASK_ENV\",\"_value\":\"\",\"_valueType\":\"string\"}"},{"dataType":"ValueEntry","value":"{\"_name\":\"BUILTIN_TASK_TOOLCHAIN\",\"_value\":\"\",\"_valueType\":\"string\"}"},{"dataType":"ValueEntry","value":"{\"_name\":\"resConfigJsonContent\",\"_value\":\"{\\\"configPath\\\":\\\"E:\\\\\\\\hm\\\\\\\\ProjectOne\\\\\\\\entry\\\\\\\\build\\\\\\\\default\\\\\\\\intermediates\\\\\\\\process_profile\\\\\\\\default\\\\\\\\config.json\\\",\\\"packageName\\\":\\\"cn.edu.hit.myapplication\\\",\\\"output\\\":\\\"E:\\\\\\\\hm\\\\\\\\ProjectOne\\\\\\\\entry\\\\\\\\build\\\\\\\\default\\\\\\\\intermediates\\\\\\\\res\\\\\\\\default\\\",\\\"moduleNames\\\":\\\"entry\\\",\\\"ResourceTable\\\":[\\\"E:\\\\\\\\hm\\\\\\\\ProjectOne\\\\\\\\entry\\\\\\\\build\\\\\\\\default\\\\\\\\cache\\\\\\\\default\\\\\\\\r\\\\\\\\ResourceTable.h\\\"],\\\"moduleResources\\\":[\\\"E:\\\\\\\\hm\\\\\\\\ProjectOne\\\\\\\\entry\\\\\\\\src\\\\\\\\main\\\\\\\\resources\\\"],\\\"dependencies\\\":[]}\",\"_valueType\":\"string\"}"}],"_successful":true,"_projectName":"ProjectOne","_moduleName":"entry","_taskName":"default@LegacyProcessResource","_key":":ProjectOne:entry:default@LegacyProcessResource","_executionId":":ProjectOne:entry:default@LegacyProcessResource:1681521138321","_inputFiles":{"dataType":"Map","value":[]},"_outputFiles":{"dataType":"Map","value":[["E:\\hm\\ProjectOne\\entry\\build\\default\\intermediates\\res\\default\\resConfig.json",{"isDirectory":false,"fileSnapShotHashValue":"8519a14d18b00d37d490bc7f776b6b64"}]]}},":ProjectOne:entry:default@ProcessLibs":{"_inputs":[{"dataType":"ValueEntry","value":"{\"_name\":\"BUILTIN_TASK_COMMAND\",\"_value\":\"\",\"_valueType\":\"string\"}"},{"dataType":"ValueEntry","value":"{\"_name\":\"BUILTIN_TASK_ENV\",\"_value\":\"\",\"_valueType\":\"string\"}"},{"dataType":"ValueEntry","value":"{\"_name\":\"BUILTIN_TASK_TOOLCHAIN\",\"_value\":\"\",\"_valueType\":\"string\"}"}],"_successful":true,"_projectName":"ProjectOne","_moduleName":"entry","_taskName":"default@ProcessLibs","_key":":ProjectOne:entry:default@ProcessLibs","_executionId":":ProjectOne:entry:default@ProcessLibs:1681521138326","_inputFiles":{"dataType":"Map","value":[]},"_outputFiles":{"dataType":"Map","value":[["E:\\hm\\ProjectOne\\entry\\build\\default\\intermediates\\libs\\default",{"isDirectory":true,"fileSnapShotHashValue":""}]]}},":ProjectOne:entry:default@LegacyCompileResource":{"_inputs":[{"dataType":"ValueEntry","value":"{\"_name\":\"TARGET_CONFIG\",\"_value\":\"{\\\"name\\\":\\\"default\\\",\\\"runtimeOS\\\":\\\"HarmonyOS\\\"}\",\"_valueType\":\"string\"}"},{"dataType":"ValueEntry","value":"{\"_name\":\"BUILTIN_TASK_COMMAND\",\"_value\":\"C:\\\\Users\\\\tyx\\\\AppData\\\\Local\\\\Huawei\\\\Sdk\\\\openharmony\\\\9\\\\toolchains\\\\restool.exe,-l,E:\\\\hm\\\\ProjectOne\\\\entry\\\\build\\\\default\\\\intermediates\\\\res\\\\default\\\\resConfig.json\",\"_valueType\":\"string\"}"},{"dataType":"ValueEntry","value":"{\"_name\":\"BUILTIN_TASK_TOOLCHAIN\",\"_value\":\"C:\\\\Users\\\\tyx\\\\AppData\\\\Local\\\\Huawei\\\\Sdk\\\\openharmony\\\\9\\\\toolchains\\\\restool.exe\",\"_valueType\":\"string\"}"},{"dataType":"ValueEntry","value":"{\"_name\":\"BUILTIN_TASK_ENV\",\"_value\":\"\",\"_valueType\":\"string\"}"}],"_successful":true,"_projectName":"ProjectOne","_moduleName":"entry","_taskName":"default@LegacyCompileResource","_key":":ProjectOne:entry:default@LegacyCompileResource","_executionId":":ProjectOne:entry:default@LegacyCompileResource:1681526509236","_inputFiles":{"dataType":"Map","value":[["E:\\hm\\ProjectOne\\entry\\src\\main\\resources",{"fileSnapShotHashValue":"2f3c6140ab45b0bcb319ba48c8d4a7f5"}],["E:\\hm\\ProjectOne\\entry\\build\\default\\intermediates\\process_profile\\default\\config.json",{"isDirectory":false,"fileSnapShotHashValue":"e11afcebdc892104a2659f809f46922f"}],["E:\\hm\\ProjectOne\\entry\\build\\default\\intermediates\\res\\default\\resConfig.json",{"isDirectory":false,"fileSnapShotHashValue":"8519a14d18b00d37d490bc7f776b6b64"}]]},"_outputFiles":{"dataType":"Map","value":[["E:\\hm\\ProjectOne\\entry\\build\\default\\intermediates\\res\\default",{"isDirectory":true,"fileSnapShotHashValue":"21e07a2c4cfd052ee061ec44e3520ffc"}],["E:\\hm\\ProjectOne\\entry\\build\\default\\cache\\default\\r\\ResourceTable.h",{"isDirectory":false,"fileSnapShotHashValue":"92188bf37ae08e858a6abde2c8ddeeae"}],["E:\\hm\\ProjectOne\\entry\\build\\default\\cache\\default\\r",{"isDirectory":true,"fileSnapShotHashValue":"aae9b0b8b75aa0ea9627112da0294189"}]]}},":ProjectOne:entry:default@LegacyCompileArkTS":{"_inputs":[{"dataType":"ValueEntry","value":"{\"_name\":\"debuggable\",\"_value\":true,\"_valueType\":\"boolean\"}"},{"dataType":"ValueEntry","value":"{\"_name\":\"isArk\",\"_value\":true,\"_valueType\":\"boolean\"}"},{"dataType":"ValueEntry","value":"{\"_name\":\"BUILTIN_TASK_COMMAND\",\"_value\":\"\",\"_valueType\":\"string\"}"},{"dataType":"ValueEntry","value":"{\"_name\":\"BUILTIN_TASK_TOOLCHAIN\",\"_value\":\"\",\"_valueType\":\"string\"}"},{"dataType":"ValueEntry","value":"{\"_name\":\"BUILTIN_TASK_ENV\",\"_value\":\"\",\"_valueType\":\"string\"}"}],"_successful":true,"_projectName":"ProjectOne","_moduleName":"entry","_taskName":"default@LegacyCompileArkTS","_key":":ProjectOne:entry:default@LegacyCompileArkTS","_executionId":":ProjectOne:entry:default@LegacyCompileArkTS:1681526509581","_inputFiles":{"dataType":"Map","value":[["E:\\hm\\ProjectOne\\entry\\build\\default\\intermediates\\manifest\\default",{"isDirectory":true,"fileSnapShotHashValue":"e45ecb245f8336fbd644fd983c715617"}],["E:\\hm\\ProjectOne\\entry\\build\\default\\intermediates\\loader\\default",{"isDirectory":true,"fileSnapShotHashValue":"9e30e099125d8aea54fb1b4c16256323"}],["E:\\hm\\ProjectOne\\entry\\build\\default\\intermediates\\res\\default\\ResourceTable.txt",{"fileSnapShotHashValue":"7a62aa46c8083ee0d754c3e98926ad91"}]]},"_outputFiles":{"dataType":"Map","value":[["E:\\hm\\ProjectOne\\entry\\build\\default\\intermediates\\loader_out\\default\\ets",{"isDirectory":true,"fileSnapShotHashValue":""}]]}},":ProjectOne:entry:default@LegacyCompileJS":{"_inputs":[{"dataType":"ValueEntry","value":"{\"_name\":\"debuggable\",\"_value\":true,\"_valueType\":\"boolean\"}"},{"dataType":"ValueEntry","value":"{\"_name\":\"isArk\",\"_value\":true,\"_valueType\":\"boolean\"}"},{"dataType":"ValueEntry","value":"{\"_name\":\"BUILTIN_TASK_COMMAND\",\"_value\":\"\",\"_valueType\":\"string\"}"},{"dataType":"ValueEntry","value":"{\"_name\":\"BUILTIN_TASK_TOOLCHAIN\",\"_value\":\"\",\"_valueType\":\"string\"}"},{"dataType":"ValueEntry","value":"{\"_name\":\"BUILTIN_TASK_ENV\",\"_value\":\"\",\"_valueType\":\"string\"}"}],"_successful":true,"_projectName":"ProjectOne","_moduleName":"entry","_taskName":"default@LegacyCompileJS","_key":":ProjectOne:entry:default@LegacyCompileJS","_executionId":":ProjectOne:entry:default@LegacyCompileJS:1681526509588","_inputFiles":{"dataType":"Map","value":[["E:\\hm\\ProjectOne\\entry\\build\\default\\intermediates\\manifest\\default",{"isDirectory":true,"fileSnapShotHashValue":"e45ecb245f8336fbd644fd983c715617"}],["E:\\hm\\ProjectOne\\entry\\build\\default\\intermediates\\loader\\default",{"isDirectory":true,"fileSnapShotHashValue":"9e30e099125d8aea54fb1b4c16256323"}],["E:\\hm\\ProjectOne\\entry\\build\\default\\intermediates\\res\\default\\ResourceTable.txt",{"fileSnapShotHashValue":"7a62aa46c8083ee0d754c3e98926ad91"}],["E:\\hm\\ProjectOne\\entry\\src\\main\\js",{"isDirectory":true,"fileSnapShotHashValue":"e3ed4da27cfd739970d09557c2a1e12e"}]]},"_outputFiles":{"dataType":"Map","value":[["E:\\hm\\ProjectOne\\entry\\build\\default\\intermediates\\loader_out\\default\\js",{"isDirectory":true,"fileSnapShotHashValue":"554b42e95b74eb92a73ab2bfeb06ddf8"}]]}},":ProjectOne:entry:default@LegacyProcessNodeAssets":{"_inputs":[{"dataType":"ValueEntry","value":"{\"_name\":\"BUILTIN_TASK_COMMAND\",\"_value\":\"\",\"_valueType\":\"string\"}"},{"dataType":"ValueEntry","value":"{\"_name\":\"BUILTIN_TASK_TOOLCHAIN\",\"_value\":\"\",\"_valueType\":\"string\"}"},{"dataType":"ValueEntry","value":"{\"_name\":\"BUILTIN_TASK_ENV\",\"_value\":\"\",\"_valueType\":\"string\"}"}],"_successful":true,"_projectName":"ProjectOne","_moduleName":"entry","_taskName":"default@LegacyProcessNodeAssets","_key":":ProjectOne:entry:default@LegacyProcessNodeAssets","_executionId":":ProjectOne:entry:default@LegacyProcessNodeAssets:1681526517282","_inputFiles":{"dataType":"Map","value":[["E:\\hm\\ProjectOne\\entry\\build\\default\\intermediates\\loader_out\\default",{"isDirectory":true,"fileSnapShotHashValue":"1d762e115817a2e9386066fc7bc32d24"}]]},"_outputFiles":{"dataType":"Map","value":[["E:\\hm\\ProjectOne\\entry\\build\\default\\intermediates\\assets_jsbundle\\default\\js",{"isDirectory":true,"fileSnapShotHashValue":"554b42e95b74eb92a73ab2bfeb06ddf8"}]]}},":ProjectOne:entry:default@LegacyPackageHap":{"_inputs":[{"dataType":"ValueEntry","value":"{\"_name\":\"needPackBin\",\"_value\":false,\"_valueType\":\"boolean\"}"},{"dataType":"ValueEntry","value":"{\"_name\":\"needPackShell\",\"_value\":false,\"_valueType\":\"boolean\"}"},{"dataType":"ValueEntry","value":"{\"_name\":\"BUILTIN_TASK_COMMAND\",\"_value\":\"java,-Dfile.encoding=utf-8,-jar,C:\\\\Users\\\\tyx\\\\AppData\\\\Local\\\\Huawei\\\\Sdk\\\\openharmony\\\\9\\\\toolchains\\\\lib\\\\app_packing_tool.jar,--mode,hap,--force,true,--lib-path,E:\\\\hm\\\\ProjectOne\\\\entry\\\\build\\\\default\\\\intermediates\\\\libs\\\\default,--json-path,E:\\\\hm\\\\ProjectOne\\\\entry\\\\build\\\\default\\\\intermediates\\\\res\\\\default\\\\config.json,--resources-path,E:\\\\hm\\\\ProjectOne\\\\entry\\\\build\\\\default\\\\intermediates\\\\res\\\\default\\\\resources,--assets-path,E:\\\\hm\\\\ProjectOne\\\\entry\\\\build\\\\default\\\\intermediates\\\\assets_jsbundle\\\\default,--index-path,E:\\\\hm\\\\ProjectOne\\\\entry\\\\build\\\\default\\\\intermediates\\\\res\\\\default\\\\resources.index,--pack-info-path,E:\\\\hm\\\\ProjectOne\\\\entry\\\\build\\\\default\\\\outputs\\\\default\\\\pack.info,--out-path,E:\\\\hm\\\\ProjectOne\\\\entry\\\\build\\\\default\\\\outputs\\\\default\\\\entry-default-unsigned.hap\",\"_valueType\":\"string\"}"},{"dataType":"ValueEntry","value":"{\"_name\":\"BUILTIN_TASK_TOOLCHAIN\",\"_value\":\"C:\\\\Users\\\\tyx\\\\AppData\\\\Local\\\\Huawei\\\\Sdk\\\\openharmony\\\\9\\\\toolchains\\\\lib\\\\app_packing_tool.jar\",\"_valueType\":\"string\"}"},{"dataType":"ValueEntry","value":"{\"_name\":\"BUILTIN_TASK_ENV\",\"_value\":\"\",\"_valueType\":\"string\"}"}],"_successful":true,"_projectName":"ProjectOne","_moduleName":"entry","_taskName":"default@LegacyPackageHap","_key":":ProjectOne:entry:default@LegacyPackageHap","_executionId":":ProjectOne:entry:default@LegacyPackageHap:1681526517373","_inputFiles":{"dataType":"Map","value":[["E:\\hm\\ProjectOne\\entry\\build\\default\\intermediates\\libs\\default",{"isDirectory":false,"fileSnapShotHashValue":""}],["E:\\hm\\ProjectOne\\entry\\build\\default\\intermediates\\assets_jsbundle\\default",{"isDirectory":false,"fileSnapShotHashValue":"1d762e115817a2e9386066fc7bc32d24"}],["E:\\hm\\ProjectOne\\entry\\build\\default\\intermediates\\res\\default\\config.json",{"isDirectory":false,"fileSnapShotHashValue":"46216f7c8f07ef113062406d70c85b3d"}],["E:\\hm\\ProjectOne\\entry\\build\\default\\intermediates\\res\\default\\resources",{"isDirectory":false,"fileSnapShotHashValue":"5feed78619e736b68dc771aca3b1e831"}],["E:\\hm\\ProjectOne\\entry\\build\\default\\intermediates\\res\\default\\resources.index",{"isDirectory":false,"fileSnapShotHashValue":"b0b3fcae5e58032e8131425ed7d2345f"}],["E:\\hm\\ProjectOne\\entry\\build\\default\\outputs\\default\\pack.info",{"isDirectory":false,"fileSnapShotHashValue":"baafe221f2879da593fa733a475dc792"}]]},"_outputFiles":{"dataType":"Map","value":[["E:\\hm\\ProjectOne\\entry\\build\\default\\outputs\\default\\entry-default-unsigned.hap",{"isDirectory":false,"fileSnapShotHashValue":"eb7a53ea7feaf4d45dd4ecd4df44a6eb"}]]}},":ProjectOne:entry:default@SignHap":{"_inputs":[{"dataType":"ValueEntry","value":"{\"_name\":\"signingConfig_signAlg\",\"_value\":\"\",\"_valueType\":\"string\"}"},{"dataType":"ValueEntry","value":"{\"_name\":\"signingConfig_keyAlias\",\"_value\":\"\",\"_valueType\":\"string\"}"},{"dataType":"ValueEntry","value":"{\"_name\":\"signingConfig_keyPassword\",\"_value\":\"\",\"_valueType\":\"string\"}"},{"dataType":"ValueEntry","value":"{\"_name\":\"signingConfig_storePassword\",\"_value\":\"\",\"_valueType\":\"string\"}"},{"dataType":"ValueEntry","value":"{\"_name\":\"sdkToolchainsComponentVersion\",\"_value\":\"3.2.2.6\",\"_valueType\":\"string\"}"},{"dataType":"ValueEntry","value":"{\"_name\":\"BUILTIN_TASK_COMMAND\",\"_value\":\"\",\"_valueType\":\"string\"}"},{"dataType":"ValueEntry","value":"{\"_name\":\"BUILTIN_TASK_TOOLCHAIN\",\"_value\":\"\",\"_valueType\":\"string\"}"},{"dataType":"ValueEntry","value":"{\"_name\":\"BUILTIN_TASK_ENV\",\"_value\":\"\",\"_valueType\":\"string\"}"}],"_successful":true,"_projectName":"ProjectOne","_moduleName":"entry","_taskName":"default@SignHap","_key":":ProjectOne:entry:default@SignHap","_executionId":":ProjectOne:entry:default@SignHap:1681526517974","_inputFiles":{"dataType":"Map","value":[["E:\\hm\\ProjectOne\\entry\\build\\default\\outputs\\default\\entry-default-unsigned.hap",{"isDirectory":false,"fileSnapShotHashValue":"eb7a53ea7feaf4d45dd4ecd4df44a6eb"}]]},"_outputFiles":{"dataType":"Map","value":[["E:\\hm\\ProjectOne\\entry\\build\\default\\outputs\\default\\entry-default-signed.hap",{"isDirectory":false,"fileSnapShotHashValue":""}]]}},":ProjectOne:entry:default@LegacyPreviewProcessResource":{"_inputs":[{"dataType":"ValueEntry","value":"{\"_name\":\"previewCompileResourcesCommand\",\"_value\":\"{\\\"commandList\\\":[\\\"C:\\\\\\\\Users\\\\\\\\tyx\\\\\\\\AppData\\\\\\\\Local\\\\\\\\Huawei\\\\\\\\Sdk\\\\\\\\openharmony\\\\\\\\9\\\\\\\\toolchains\\\\\\\\restool.exe\\\",\\\"-m\\\",\\\"entry\\\",\\\"-f\\\",\\\"-j\\\",\\\"E:\\\\\\\\hm\\\\\\\\ProjectOne\\\\\\\\entry\\\\\\\\.preview\\\\\\\\default\\\\\\\\intermediates\\\\\\\\process_profile\\\\\\\\default\\\\\\\\config.json\\\",\\\"-p\\\",\\\"cn.edu.hit.myapplication\\\",\\\"-o\\\",\\\"E:\\\\\\\\hm\\\\\\\\ProjectOne\\\\\\\\entry\\\\\\\\.preview\\\\\\\\default\\\\\\\\intermediates\\\\\\\\res\\\\\\\\default\\\",\\\"-r\\\",\\\"E:\\\\\\\\hm\\\\\\\\ProjectOne\\\\\\\\entry\\\\\\\\.preview\\\\\\\\default\\\\\\\\cache\\\\\\\\default\\\\\\\\r\\\\\\\\ResourceTable.h\\\"],\\\"inputFiles\\\":{\\\"_group\\\":{}},\\\"outputFiles\\\":{\\\"_group\\\":{}},\\\"existsResourceDir\\\":true,\\\"restoolLinkParamObj\\\":{\\\"moduleResourcesMap\\\":{},\\\"harResourcesMap\\\":{},\\\"outputPath\\\":\\\"E:\\\\\\\\hm\\\\\\\\ProjectOne\\\\\\\\entry\\\\\\\\.preview\\\\\\\\default\\\\\\\\intermediates\\\\\\\\res\\\\\\\\default\\\",\\\"linkCommand\\\":[\\\"C:\\\\\\\\Users\\\\\\\\tyx\\\\\\\\AppData\\\\\\\\Local\\\\\\\\Huawei\\\\\\\\Sdk\\\\\\\\openharmony\\\\\\\\9\\\\\\\\toolchains\\\\\\\\restool.exe\\\",\\\"-m\\\",\\\"entry\\\",\\\"-f\\\",\\\"-j\\\",\\\"E:\\\\\\\\hm\\\\\\\\ProjectOne\\\\\\\\entry\\\\\\\\.preview\\\\\\\\default\\\\\\\\intermediates\\\\\\\\process_profile\\\\\\\\default\\\\\\\\config.json\\\",\\\"-p\\\",\\\"cn.edu.hit.myapplication\\\",\\\"-r\\\",\\\"E:\\\\\\\\hm\\\\\\\\ProjectOne\\\\\\\\entry\\\\\\\\.preview\\\\\\\\default\\\\\\\\cache\\\\\\\\default\\\\\\\\r\\\\\\\\ResourceTable.h\\\",\\\"-z\\\"]}}\",\"_valueType\":\"string\"}"},{"dataType":"ValueEntry","value":"{\"_name\":\"BUILTIN_TASK_COMMAND\",\"_value\":\"\",\"_valueType\":\"string\"}"},{"dataType":"ValueEntry","value":"{\"_name\":\"BUILTIN_TASK_TOOLCHAIN\",\"_value\":\"\",\"_valueType\":\"string\"}"},{"dataType":"ValueEntry","value":"{\"_name\":\"BUILTIN_TASK_ENV\",\"_value\":\"\",\"_valueType\":\"string\"}"}],"_successful":true,"_projectName":"ProjectOne","_moduleName":"entry","_taskName":"default@LegacyPreviewProcessResource","_key":":ProjectOne:entry:default@LegacyPreviewProcessResource","_executionId":":ProjectOne:entry:default@LegacyPreviewProcessResource:1681526847016","_inputFiles":{"dataType":"Map","value":[]},"_outputFiles":{"dataType":"Map","value":[["{\"commandList\":[\"C:\\\\Users\\\\tyx\\\\AppData\\\\Local\\\\Huawei\\\\Sdk\\\\openharmony\\\\9\\\\toolchains\\\\restool.exe\",\"-m\",\"entry\",\"-f\",\"-j\",\"E:\\\\hm\\\\ProjectOne\\\\entry\\\\.preview\\\\default\\\\intermediates\\\\process_profile\\\\default\\\\config.json\",\"-p\",\"cn.edu.hit.myapplication\",\"-o\",\"E:\\\\hm\\\\ProjectOne\\\\entry\\\\.preview\\\\default\\\\intermediates\\\\res\\\\default\",\"-r\",\"E:\\\\hm\\\\ProjectOne\\\\entry\\\\.preview\\\\default\\\\cache\\\\default\\\\r\\\\ResourceTable.h\"],\"inputFiles\":{\"_group\":{}},\"outputFiles\":{\"_group\":{}},\"existsResourceDir\":true,\"restoolLinkParamObj\":{\"moduleResourcesMap\":{},\"harResourcesMap\":{},\"outputPath\":\"E:\\\\hm\\\\ProjectOne\\\\entry\\\\.preview\\\\default\\\\intermediates\\\\res\\\\default\",\"linkCommand\":[\"C:\\\\Users\\\\tyx\\\\AppData\\\\Local\\\\Huawei\\\\Sdk\\\\openharmony\\\\9\\\\toolchains\\\\restool.exe\",\"-m\",\"entry\",\"-f\",\"-j\",\"E:\\\\hm\\\\ProjectOne\\\\entry\\\\.preview\\\\default\\\\intermediates\\\\process_profile\\\\default\\\\config.json\",\"-p\",\"cn.edu.hit.myapplication\",\"-r\",\"E:\\\\hm\\\\ProjectOne\\\\entry\\\\.preview\\\\default\\\\cache\\\\default\\\\r\\\\ResourceTable.h\",\"-z\"]}}",{"isDirectory":false,"fileSnapShotHashValue":""}]]}},":ProjectOne:entry:default@LegacyPreviewCompileResource":{"_inputs":[{"dataType":"ValueEntry","value":"{\"_name\":\"BUILTIN_TASK_COMMAND\",\"_value\":\"\",\"_valueType\":\"string\",\"_hash\":\"0b5d05294fdf4e78e8482ef53eb64ac0\"}"},{"dataType":"ValueEntry","value":"{\"_name\":\"BUILTIN_TASK_ENV\",\"_value\":\"\",\"_valueType\":\"string\",\"_hash\":\"cdcdc2ec8062ca9ec1de46dbf2bbc053\"}"},{"dataType":"ValueEntry","value":"{\"_name\":\"BUILTIN_TASK_TOOLCHAIN\",\"_value\":\"C:\\\\Users\\\\tyx\\\\AppData\\\\Local\\\\Huawei\\\\Sdk\\\\openharmony\\\\9\\\\toolchains\\\\restool.exe\",\"_valueType\":\"string\",\"_hash\":\"646aad1d8ee37d4b6461deccf5e0c9f2\"}"},{"dataType":"ValueEntry","value":"{\"_name\":\"PREVIEWER_REPLACE_PAGE\",\"_valueType\":\"undefined\",\"_hash\":\"3639be47d3d2ca8aebcdfcb1d2ed902c\"}"},{"dataType":"ValueEntry","value":"{\"_name\":\"PREVIEWER_REPLACE_SRCPATH\",\"_valueType\":\"undefined\",\"_hash\":\"87c8734cdd76ef404568e7fd0eb4edd7\"}"},{"dataType":"ValueEntry","value":"{\"_name\":\"TARGET_CONFIG\",\"_value\":\"{\\\"name\\\":\\\"default\\\",\\\"runtimeOS\\\":\\\"HarmonyOS\\\"}\",\"_valueType\":\"string\",\"_hash\":\"d1734598343a94c88ec5404fdcdfa944\"}"}],"_successful":true,"_projectName":"ProjectOne","_moduleName":"entry","_taskName":"default@LegacyPreviewCompileResource","_key":":ProjectOne:entry:default@LegacyPreviewCompileResource","_executionId":":ProjectOne:entry:default@LegacyPreviewCompileResource:1681526585109","_inputFiles":{"dataType":"Map","value":[["E:\\hm\\ProjectOne\\entry\\src\\main\\resources",{"fileSnapShotHashValue":"2f3c6140ab45b0bcb319ba48c8d4a7f5"}],["E:\\hm\\ProjectOne\\entry\\.preview\\default\\intermediates\\process_profile\\default\\config.json",{"isDirectory":false,"fileSnapShotHashValue":"6035138e0fd44d68e1d031c4d4337d55"}]]},"_outputFiles":{"dataType":"Map","value":[["E:\\hm\\ProjectOne\\entry\\.preview\\default\\intermediates\\res\\default",{"isDirectory":true,"fileSnapShotHashValue":"90ce5af018f81e91735ea9ba44b6ece4"}],["E:\\hm\\ProjectOne\\entry\\.preview\\default\\cache\\default\\r\\ResourceTable.h",{"isDirectory":false,"fileSnapShotHashValue":"8b3a67b1571de2aa91e9b13701f6aab6"}],["E:\\hm\\ProjectOne\\entry\\.preview\\default\\cache\\default\\r",{"isDirectory":true,"fileSnapShotHashValue":"4b57866508a1845e934adbc33308a85c"}]]}}}