{
  "version": "1.0",
  "workerIdList": [
    -1
  ],
  "metrics": [
    {
      "type": "build_line",
      "endTime": 1681526847004,
      "status": "closed",
      "children": [],
      "name": "overallTime",
      "taskName": "default@LegacyPreBuild",
      "taskPath": "entry",
      "workerId": -1,
      "startTime": 1681526847001
    },
    {
      "type": "build_line",
      "endTime": 1681526847010,
      "status": "closed",
      "children": [],
      "name": "overallTime",
      "taskName": "default@LegacyMergeProfile",
      "taskPath": "entry",
      "workerId": -1,
      "startTime": 1681526847009
    },
    {
      "type": "build_line",
      "endTime": 1681526847012,
      "status": "closed",
      "children": [],
      "name": "overallTime",
      "taskName": "default@LegacyGenerateJsManifest",
      "taskPath": "entry",
      "workerId": -1,
      "startTime": 1681526847010
    },
    {
      "type": "build_line",
      "endTime": 1681526847013,
      "status": "closed",
      "children": [],
      "name": "overallTime",
      "taskName": "default@LegacyGenerateLoaderJson",
      "taskPath": "entry",
      "workerId": -1,
      "startTime": 1681526847012
    },
    {
      "type": "build_line",
      "endTime": 1681526847014,
      "status": "closed",
      "children": [],
      "name": "overallTime",
      "taskName": "default@LegacyProcessProfile",
      "taskPath": "entry",
      "workerId": -1,
      "startTime": 1681526847013
    },
    {
      "type": "build_line",
      "endTime": 1681526847018,
      "status": "closed",
      "children": [],
      "name": "overallTime",
      "taskName": "default@LegacyPreviewProcessResource",
      "taskPath": "entry",
      "workerId": -1,
      "startTime": 1681526847015
    },
    {
      "type": "build_line",
      "endTime": 1681526847037,
      "status": "closed",
      "children": [],
      "name": "overallTime",
      "taskName": "default@LegacyPreviewCompileResource",
      "taskPath": "entry",
      "workerId": -1,
      "startTime": 1681526847019
    },
    {
      "type": "build_line",
      "endTime": 1681526847037,
      "status": "closed",
      "children": [],
      "name": "overallTime",
      "taskName": "default@LegacyHookCompileResource",
      "taskPath": "entry",
      "workerId": -1,
      "startTime": 1681526847037
    },
    {
      "type": "build_line",
      "endTime": 1681526847038,
      "status": "closed",
      "children": [],
      "name": "overallTime",
      "taskName": "buildPreviewerResource",
      "taskPath": "entry",
      "workerId": -1,
      "startTime": 1681526847038
    }
  ],
  "workLog": []
}