{"C:\\Users\\Admin\\DevecostudioProjects\\HarmonyMovie\\AppScope\\app.json5":{"hashValue":"6663bd769fe635081c945012a2f69978","name":"app.json5","path":"C:\\Users\\Admin\\DevecostudioProjects\\HarmonyMovie\\AppScope\\app.json5","type":"file","isSymbolicLink":false,"fileMetaData":{"size":266,"lastModifiedTime":1682226876142}},"C:\\Users\\Admin\\DevecostudioProjects\\HarmonyMovie\\entry\\src\\main\\module.json5":{"hashValue":"7df72404f2b23ece3e680f0cb3e42e88","name":"module.json5","path":"C:\\Users\\Admin\\DevecostudioProjects\\HarmonyMovie\\entry\\src\\main\\module.json5","type":"file","isSymbolicLink":false,"fileMetaData":{"size":1018,"lastModifiedTime":1682298029845}},"C:\\Users\\Admin\\DevecostudioProjects\\HarmonyMovie\\entry\\.preview\\default\\intermediates\\merge_profile\\default\\module.json":{"hashValue":"bdc18e104fcafe2d1c998e900cd1c27d","name":"module.json","path":"C:\\Users\\Admin\\DevecostudioProjects\\HarmonyMovie\\entry\\.preview\\default\\intermediates\\merge_profile\\default\\module.json","type":"file","isSymbolicLink":false,"fileMetaData":{"size":1173,"lastModifiedTime":1682298718962}},"C:\\Users\\Admin\\DevecostudioProjects\\HarmonyMovie\\entry\\.preview\\default\\intermediates\\loader\\default\\loader.json":{"hashValue":"2ba912a9e2afa245f6e23a5bd78bbb58","name":"loader.json","path":"C:\\Users\\Admin\\DevecostudioProjects\\HarmonyMovie\\entry\\.preview\\default\\intermediates\\loader\\default\\loader.json","type":"file","isSymbolicLink":false,"fileMetaData":{"size":337,"lastModifiedTime":1682298718968}},"C:\\Users\\Admin\\DevecostudioProjects\\HarmonyMovie\\entry\\.preview\\default\\intermediates\\process_profile\\default\\module.json":{"hashValue":"1c468c00c995cfae9127db197dde13b6","name":"module.json","path":"C:\\Users\\Admin\\DevecostudioProjects\\HarmonyMovie\\entry\\.preview\\default\\intermediates\\process_profile\\default\\module.json","type":"file","isSymbolicLink":false,"fileMetaData":{"size":1236,"lastModifiedTime":1682298719121}},"C:\\Users\\Admin\\DevecostudioProjects\\HarmonyMovie\\entry\\src\\main\\resources":{"hashValue":"d9a3dbcd8deab7ccb9684abc308b0814","name":"resources","path":"C:\\Users\\Admin\\DevecostudioProjects\\HarmonyMovie\\entry\\src\\main\\resources","type":"directory","isSymbolicLink":false,"children":[{"hashValue":"b48e76b97b3faac2905f01c1a56eb110","name":"base","path":"C:\\Users\\Admin\\DevecostudioProjects\\HarmonyMovie\\entry\\src\\main\\resources\\base","type":"directory","isSymbolicLink":false,"children":[{"hashValue":"505c8d59d080167652f421a6e658a594","name":"element","path":"C:\\Users\\Admin\\DevecostudioProjects\\HarmonyMovie\\entry\\src\\main\\resources\\base\\element","type":"directory","isSymbolicLink":false,"children":[{"hashValue":"915d6a351231d92be59d7ff7d847dfc6","name":"color.json","path":"C:\\Users\\Admin\\DevecostudioProjects\\HarmonyMovie\\entry\\src\\main\\resources\\base\\element\\color.json","type":"file","isSymbolicLink":false,"fileMetaData":{"size":105,"lastModifiedTime":1682226876869}},{"hashValue":"fd6a607f3f8c79d1803ccfa6f6524a80","name":"string.json","path":"C:\\Users\\Admin\\DevecostudioProjects\\HarmonyMovie\\entry\\src\\main\\resources\\base\\element\\string.json","type":"file","isSymbolicLink":false,"fileMetaData":{"size":247,"lastModifiedTime":1682226886912}}]},{"hashValue":"68e669575c84b586dbf9c0c9c89ece0a","name":"media","path":"C:\\Users\\Admin\\DevecostudioProjects\\HarmonyMovie\\entry\\src\\main\\resources\\base\\media","type":"directory","isSymbolicLink":false,"children":[{"hashValue":"9c337cfe04f2ddd3346f71b916b56883","name":"icon.png","path":"C:\\Users\\Admin\\DevecostudioProjects\\HarmonyMovie\\entry\\src\\main\\resources\\base\\media\\icon.png","type":"file","isSymbolicLink":false,"fileMetaData":{"size":6790,"lastModifiedTime":1682226876886}}]},{"hashValue":"91846c072cbe6bb9fb4c05ea20b1776c","name":"profile","path":"C:\\Users\\Admin\\DevecostudioProjects\\HarmonyMovie\\entry\\src\\main\\resources\\base\\profile","type":"directory","isSymbolicLink":false,"children":[{"hashValue":"64ee80d311d36743f4536413cfa192f3","name":"main_pages.json","path":"C:\\Users\\Admin\\DevecostudioProjects\\HarmonyMovie\\entry\\src\\main\\resources\\base\\profile\\main_pages.json","type":"file","isSymbolicLink":false,"fileMetaData":{"size":56,"lastModifiedTime":1682296728146}}]}]},{"hashValue":"2890590bc3569131025775771e4f1001","name":"en_US","path":"C:\\Users\\Admin\\DevecostudioProjects\\HarmonyMovie\\entry\\src\\main\\resources\\en_US","type":"directory","isSymbolicLink":false,"children":[{"hashValue":"2a719970f2c8dea38d518248c6cf13ab","name":"element","path":"C:\\Users\\Admin\\DevecostudioProjects\\HarmonyMovie\\entry\\src\\main\\resources\\en_US\\element","type":"directory","isSymbolicLink":false,"children":[{"hashValue":"e2ed3a5df6dc4e716b6838ee178b4a60","name":"string.json","path":"C:\\Users\\Admin\\DevecostudioProjects\\HarmonyMovie\\entry\\src\\main\\resources\\en_US\\element\\string.json","type":"file","isSymbolicLink":false,"fileMetaData":{"size":247,"lastModifiedTime":1682226886754}}]}]},{"hashValue":"","name":"rawfile","path":"C:\\Users\\Admin\\DevecostudioProjects\\HarmonyMovie\\entry\\src\\main\\resources\\rawfile","type":"directory","isSymbolicLink":false,"children":[]},{"hashValue":"3e80023815ce0eccc4192e69cdca651a","name":"zh_CN","path":"C:\\Users\\Admin\\DevecostudioProjects\\HarmonyMovie\\entry\\src\\main\\resources\\zh_CN","type":"directory","isSymbolicLink":false,"children":[{"hashValue":"367d38faefa4a6adcbf63689bae18957","name":"element","path":"C:\\Users\\Admin\\DevecostudioProjects\\HarmonyMovie\\entry\\src\\main\\resources\\zh_CN\\element","type":"directory","isSymbolicLink":false,"children":[{"hashValue":"63255a0c7d13bb048412ffaf8de67e71","name":"string.json","path":"C:\\Users\\Admin\\DevecostudioProjects\\HarmonyMovie\\entry\\src\\main\\resources\\zh_CN\\element\\string.json","type":"file","isSymbolicLink":false,"fileMetaData":{"size":241,"lastModifiedTime":1682226886862}}]}]}]},"C:\\Users\\Admin\\DevecostudioProjects\\HarmonyMovie\\AppScope\\resources":{"hashValue":"7a5b737d7a867d1f7a2d9e89854a7b56","name":"resources","path":"C:\\Users\\Admin\\DevecostudioProjects\\HarmonyMovie\\AppScope\\resources","type":"directory","isSymbolicLink":false,"children":[{"hashValue":"51452fd3c5a3f967a515c47b8eedbd9d","name":"base","path":"C:\\Users\\Admin\\DevecostudioProjects\\HarmonyMovie\\AppScope\\resources\\base","type":"directory","isSymbolicLink":false,"children":[{"hashValue":"f81b37d60d30121decf4f8aca8cbf083","name":"element","path":"C:\\Users\\Admin\\DevecostudioProjects\\HarmonyMovie\\AppScope\\resources\\base\\element","type":"directory","isSymbolicLink":false,"children":[{"hashValue":"bc5348262da002b602cf4d14b8b411e2","name":"string.json","path":"C:\\Users\\Admin\\DevecostudioProjects\\HarmonyMovie\\AppScope\\resources\\base\\element\\string.json","type":"file","isSymbolicLink":false,"fileMetaData":{"size":98,"lastModifiedTime":1682226876197}}]},{"hashValue":"7258ddc667c703101902a053e981f811","name":"media","path":"C:\\Users\\Admin\\DevecostudioProjects\\HarmonyMovie\\AppScope\\resources\\base\\media","type":"directory","isSymbolicLink":false,"children":[{"hashValue":"33bd859767c4966c22cdf0f1450a0673","name":"app_icon.png","path":"C:\\Users\\Admin\\DevecostudioProjects\\HarmonyMovie\\AppScope\\resources\\base\\media\\app_icon.png","type":"file","isSymbolicLink":false,"fileMetaData":{"size":6790,"lastModifiedTime":1682226876170}}]}]}]},"C:\\Users\\Admin\\DevecostudioProjects\\HarmonyMovie\\entry\\.preview\\default\\intermediates\\res\\default":{"hashValue":"7eadef361b4fb506e8126b7c550a9d05","name":"default","path":"C:\\Users\\Admin\\DevecostudioProjects\\HarmonyMovie\\entry\\.preview\\default\\intermediates\\res\\default","type":"directory","isSymbolicLink":false,"children":[{"hashValue":"e8c3b28cc80915846a6e2ce9a3e9cb5c","name":"app_compiled","path":"C:\\Users\\Admin\\DevecostudioProjects\\HarmonyMovie\\entry\\.preview\\default\\intermediates\\res\\default\\app_compiled","type":"directory","isSymbolicLink":false,"children":[{"hashValue":"3723a05ff407050676e65849a21ea59b","name":"12658997734860505042","path":"C:\\Users\\Admin\\DevecostudioProjects\\HarmonyMovie\\entry\\.preview\\default\\intermediates\\res\\default\\app_compiled\\12658997734860505042","type":"file","isSymbolicLink":false,"fileMetaData":{"size":140,"lastModifiedTime":1682298719231}},{"hashValue":"07fa36a07e85795e4e67eb637402d4b1","name":"9507300885209863263","path":"C:\\Users\\Admin\\DevecostudioProjects\\HarmonyMovie\\entry\\.preview\\default\\intermediates\\res\\default\\app_compiled\\9507300885209863263","type":"file","isSymbolicLink":false,"fileMetaData":{"size":222,"lastModifiedTime":1682298719232}}]},{"hashValue":"821ff063ffa5d6023b3988dec0e3805a","name":"module_compiled","path":"C:\\Users\\Admin\\DevecostudioProjects\\HarmonyMovie\\entry\\.preview\\default\\intermediates\\res\\default\\module_compiled","type":"directory","isSymbolicLink":false,"children":[{"hashValue":"2fa686767e35cc69691fa1fd161dfdea","name":"11645311920616650440","path":"C:\\Users\\Admin\\DevecostudioProjects\\HarmonyMovie\\entry\\.preview\\default\\intermediates\\res\\default\\module_compiled\\11645311920616650440","type":"file","isSymbolicLink":false,"fileMetaData":{"size":506,"lastModifiedTime":1682298719329}},{"hashValue":"5ce15b38fd2560cdc7422a5a216265d9","name":"2302281258595104399","path":"C:\\Users\\Admin\\DevecostudioProjects\\HarmonyMovie\\entry\\.preview\\default\\intermediates\\res\\default\\module_compiled\\2302281258595104399","type":"file","isSymbolicLink":false,"fileMetaData":{"size":222,"lastModifiedTime":1682298719324}},{"hashValue":"795d2bcb6b97e6011f3d61c69d832572","name":"4453443065883779252","path":"C:\\Users\\Admin\\DevecostudioProjects\\HarmonyMovie\\entry\\.preview\\default\\intermediates\\res\\default\\module_compiled\\4453443065883779252","type":"file","isSymbolicLink":false,"fileMetaData":{"size":247,"lastModifiedTime":1682298719325}},{"hashValue":"43a2e1f5dd517f842b9646303a1e6111","name":"6648901264897226870","path":"C:\\Users\\Admin\\DevecostudioProjects\\HarmonyMovie\\entry\\.preview\\default\\intermediates\\res\\default\\module_compiled\\6648901264897226870","type":"file","isSymbolicLink":false,"fileMetaData":{"size":512,"lastModifiedTime":1682298719327}},{"hashValue":"c819c3b9f4d3ee8ed1cc38d9aaf5aa53","name":"6825791953552427660","path":"C:\\Users\\Admin\\DevecostudioProjects\\HarmonyMovie\\entry\\.preview\\default\\intermediates\\res\\default\\module_compiled\\6825791953552427660","type":"file","isSymbolicLink":false,"fileMetaData":{"size":458,"lastModifiedTime":1682298719288}},{"hashValue":"7a01b7a164992777856afd8c604b878e","name":"7723982321233611327","path":"C:\\Users\\Admin\\DevecostudioProjects\\HarmonyMovie\\entry\\.preview\\default\\intermediates\\res\\default\\module_compiled\\7723982321233611327","type":"file","isSymbolicLink":false,"fileMetaData":{"size":155,"lastModifiedTime":1682298719287}}]},{"hashValue":"b5a462f85da6e6eac828df4fde638b97","name":"module.json","path":"C:\\Users\\Admin\\DevecostudioProjects\\HarmonyMovie\\entry\\.preview\\default\\intermediates\\res\\default\\module.json","type":"file","isSymbolicLink":false,"fileMetaData":{"size":2181,"lastModifiedTime":1682298719411}},{"hashValue":"e4126772b3af158d96248fb5af5a9fce","name":"resources","path":"C:\\Users\\Admin\\DevecostudioProjects\\HarmonyMovie\\entry\\.preview\\default\\intermediates\\res\\default\\resources","type":"directory","isSymbolicLink":false,"children":[{"hashValue":"5c9bd2f4b0971e13fac14d2300c8e108","name":"base","path":"C:\\Users\\Admin\\DevecostudioProjects\\HarmonyMovie\\entry\\.preview\\default\\intermediates\\res\\default\\resources\\base","type":"directory","isSymbolicLink":false,"children":[{"hashValue":"91846c072cbe6bb9fb4c05ea20b1776c","name":"profile","path":"C:\\Users\\Admin\\DevecostudioProjects\\HarmonyMovie\\entry\\.preview\\default\\intermediates\\res\\default\\resources\\base\\profile","type":"directory","isSymbolicLink":false,"children":[{"hashValue":"64ee80d311d36743f4536413cfa192f3","name":"main_pages.json","path":"C:\\Users\\Admin\\DevecostudioProjects\\HarmonyMovie\\entry\\.preview\\default\\intermediates\\res\\default\\resources\\base\\profile\\main_pages.json","type":"file","isSymbolicLink":false,"fileMetaData":{"size":56,"lastModifiedTime":1682296728146}}]}]}]},{"hashValue":"2fbf23b719a7fe0b4cc89d998ba70648","name":"resources.index","path":"C:\\Users\\Admin\\DevecostudioProjects\\HarmonyMovie\\entry\\.preview\\default\\intermediates\\res\\default\\resources.index","type":"file","isSymbolicLink":false,"fileMetaData":{"size":1184,"lastModifiedTime":1682298719410}},{"hashValue":"7d560915bb843b5a42f3ce84a5dafffd","name":"ResourceTable.txt","path":"C:\\Users\\Admin\\DevecostudioProjects\\HarmonyMovie\\entry\\.preview\\default\\intermediates\\res\\default\\ResourceTable.txt","type":"file","isSymbolicLink":false,"fileMetaData":{"size":248,"lastModifiedTime":1682298719412}}]},"C:\\Users\\Admin\\DevecostudioProjects\\HarmonyMovie\\entry\\.preview\\default\\generated\\r\\default\\ResourceTable.h":{"hashValue":"dad47f950cb4ea1bae569c75a4748fb6","name":"ResourceTable.h","path":"C:\\Users\\Admin\\DevecostudioProjects\\HarmonyMovie\\entry\\.preview\\default\\generated\\r\\default\\ResourceTable.h","type":"file","isSymbolicLink":false,"fileMetaData":{"size":1090,"lastModifiedTime":1682298719412}},"C:\\Users\\Admin\\DevecostudioProjects\\HarmonyMovie\\entry\\.preview\\default\\generated\\r\\default":{"hashValue":"d6dcfab3d719488b7eedda08eeac3038","name":"default","path":"C:\\Users\\Admin\\DevecostudioProjects\\HarmonyMovie\\entry\\.preview\\default\\generated\\r\\default","type":"directory","isSymbolicLink":false,"children":[{"hashValue":"dad47f950cb4ea1bae569c75a4748fb6","name":"ResourceTable.h","path":"C:\\Users\\Admin\\DevecostudioProjects\\HarmonyMovie\\entry\\.preview\\default\\generated\\r\\default\\ResourceTable.h","type":"file","isSymbolicLink":false,"fileMetaData":{"size":1090,"lastModifiedTime":1682298719412}}]},"C:\\Users\\Admin\\DevecostudioProjects\\HarmonyMovie\\entry\\build\\default\\intermediates\\merge_profile\\default\\module.json":{"hashValue":"4276d2bb160c1dcdfb349f474ce6aa7c","name":"module.json","path":"C:\\Users\\Admin\\DevecostudioProjects\\HarmonyMovie\\entry\\build\\default\\intermediates\\merge_profile\\default\\module.json","type":"file","isSymbolicLink":false,"fileMetaData":{"size":1173,"lastModifiedTime":1682298737568}},"C:\\Users\\Admin\\DevecostudioProjects\\HarmonyMovie\\entry\\build\\default\\intermediates\\loader\\default\\loader.json":{"hashValue":"98bc1e830de7cfdb755427bcebecfec1","name":"loader.json","path":"C:\\Users\\Admin\\DevecostudioProjects\\HarmonyMovie\\entry\\build\\default\\intermediates\\loader\\default\\loader.json","type":"file","isSymbolicLink":false,"fileMetaData":{"size":334,"lastModifiedTime":1682298737576}},"C:\\Users\\Admin\\DevecostudioProjects\\HarmonyMovie\\entry\\build\\default\\outputs\\default\\pack.info":{"hashValue":"d79707c34b53d98bd56640e8a030afae","name":"pack.info","path":"C:\\Users\\Admin\\DevecostudioProjects\\HarmonyMovie\\entry\\build\\default\\outputs\\default\\pack.info","type":"file","isSymbolicLink":false,"fileMetaData":{"size":539,"lastModifiedTime":1682298038113}},"C:\\Users\\Admin\\DevecostudioProjects\\HarmonyMovie\\entry\\build\\default\\intermediates\\process_profile\\default\\module.json":{"hashValue":"23a01f20a74063f642e503909799ab1f","name":"module.json","path":"C:\\Users\\Admin\\DevecostudioProjects\\HarmonyMovie\\entry\\build\\default\\intermediates\\process_profile\\default\\module.json","type":"file","isSymbolicLink":false,"fileMetaData":{"size":1236,"lastModifiedTime":1682298737746}},"C:\\Users\\Admin\\DevecostudioProjects\\HarmonyMovie\\entry\\build\\default\\intermediates\\res\\default\\resConfig.json":{"hashValue":"bced71d7713cc5441c443890b166da88","name":"resConfig.json","path":"C:\\Users\\Admin\\DevecostudioProjects\\HarmonyMovie\\entry\\build\\default\\intermediates\\res\\default\\resConfig.json","type":"file","isSymbolicLink":false,"fileMetaData":{"size":684,"lastModifiedTime":1682298038269}},"C:\\Users\\Admin\\DevecostudioProjects\\HarmonyMovie\\entry\\build\\default\\intermediates\\libs\\default":{"hashValue":"","name":"default","path":"C:\\Users\\Admin\\DevecostudioProjects\\HarmonyMovie\\entry\\build\\default\\intermediates\\libs\\default","type":"directory","isSymbolicLink":false,"children":[]},"C:\\Users\\Admin\\DevecostudioProjects\\HarmonyMovie\\entry\\build\\default\\intermediates\\res\\default":{"hashValue":"fb04a179c44ae769f602f9771a01c840","name":"default","path":"C:\\Users\\Admin\\DevecostudioProjects\\HarmonyMovie\\entry\\build\\default\\intermediates\\res\\default","type":"directory","isSymbolicLink":false,"children":[{"hashValue":"587afc7ef4075dc98ce8a45098177064","name":"module.json","path":"C:\\Users\\Admin\\DevecostudioProjects\\HarmonyMovie\\entry\\build\\default\\intermediates\\res\\default\\module.json","type":"file","isSymbolicLink":false,"fileMetaData":{"size":2181,"lastModifiedTime":1682298737863}},{"hashValue":"bced71d7713cc5441c443890b166da88","name":"resConfig.json","path":"C:\\Users\\Admin\\DevecostudioProjects\\HarmonyMovie\\entry\\build\\default\\intermediates\\res\\default\\resConfig.json","type":"file","isSymbolicLink":false,"fileMetaData":{"size":684,"lastModifiedTime":1682298038269}},{"hashValue":"a96e5d2527c87b2689c000ee8770f69b","name":"resources","path":"C:\\Users\\Admin\\DevecostudioProjects\\HarmonyMovie\\entry\\build\\default\\intermediates\\res\\default\\resources","type":"directory","isSymbolicLink":false,"children":[{"hashValue":"6cc5280f49a8d09d95c802616513aa65","name":"base","path":"C:\\Users\\Admin\\DevecostudioProjects\\HarmonyMovie\\entry\\build\\default\\intermediates\\res\\default\\resources\\base","type":"directory","isSymbolicLink":false,"children":[{"hashValue":"53f0e098b7e49f39d3f717cd1b987555","name":"media","path":"C:\\Users\\Admin\\DevecostudioProjects\\HarmonyMovie\\entry\\build\\default\\intermediates\\res\\default\\resources\\base\\media","type":"directory","isSymbolicLink":false,"children":[{"hashValue":"33bd859767c4966c22cdf0f1450a0673","name":"app_icon.png","path":"C:\\Users\\Admin\\DevecostudioProjects\\HarmonyMovie\\entry\\build\\default\\intermediates\\res\\default\\resources\\base\\media\\app_icon.png","type":"file","isSymbolicLink":false,"fileMetaData":{"size":6790,"lastModifiedTime":1682226876170}},{"hashValue":"9c337cfe04f2ddd3346f71b916b56883","name":"icon.png","path":"C:\\Users\\Admin\\DevecostudioProjects\\HarmonyMovie\\entry\\build\\default\\intermediates\\res\\default\\resources\\base\\media\\icon.png","type":"file","isSymbolicLink":false,"fileMetaData":{"size":6790,"lastModifiedTime":1682226876886}}]},{"hashValue":"91846c072cbe6bb9fb4c05ea20b1776c","name":"profile","path":"C:\\Users\\Admin\\DevecostudioProjects\\HarmonyMovie\\entry\\build\\default\\intermediates\\res\\default\\resources\\base\\profile","type":"directory","isSymbolicLink":false,"children":[{"hashValue":"64ee80d311d36743f4536413cfa192f3","name":"main_pages.json","path":"C:\\Users\\Admin\\DevecostudioProjects\\HarmonyMovie\\entry\\build\\default\\intermediates\\res\\default\\resources\\base\\profile\\main_pages.json","type":"file","isSymbolicLink":false,"fileMetaData":{"size":56,"lastModifiedTime":1682296728146}}]}]},{"hashValue":"","name":"rawfile","path":"C:\\Users\\Admin\\DevecostudioProjects\\HarmonyMovie\\entry\\build\\default\\intermediates\\res\\default\\resources\\rawfile","type":"directory","isSymbolicLink":false,"children":[]}]},{"hashValue":"ad7df161d7e7f1843af9ef9763cf9481","name":"resources.index","path":"C:\\Users\\Admin\\DevecostudioProjects\\HarmonyMovie\\entry\\build\\default\\intermediates\\res\\default\\resources.index","type":"file","isSymbolicLink":false,"fileMetaData":{"size":1016,"lastModifiedTime":1682298737864}},{"hashValue":"fefa851ba0253e9ce8abba8718459d9a","name":"ResourceTable.txt","path":"C:\\Users\\Admin\\DevecostudioProjects\\HarmonyMovie\\entry\\build\\default\\intermediates\\res\\default\\ResourceTable.txt","type":"file","isSymbolicLink":false,"fileMetaData":{"size":248,"lastModifiedTime":1682298737861}}]},"C:\\Users\\Admin\\DevecostudioProjects\\HarmonyMovie\\entry\\build\\default\\generated\\r\\default\\ResourceTable.h":{"hashValue":"769014ff4672514749a20d7936dbad75","name":"ResourceTable.h","path":"C:\\Users\\Admin\\DevecostudioProjects\\HarmonyMovie\\entry\\build\\default\\generated\\r\\default\\ResourceTable.h","type":"file","isSymbolicLink":false,"fileMetaData":{"size":1090,"lastModifiedTime":1682298737860}},"C:\\Users\\Admin\\DevecostudioProjects\\HarmonyMovie\\entry\\build\\default\\generated\\r\\default":{"hashValue":"e37443cbfd85011c72f98b72513f780c","name":"default","path":"C:\\Users\\Admin\\DevecostudioProjects\\HarmonyMovie\\entry\\build\\default\\generated\\r\\default","type":"directory","isSymbolicLink":false,"children":[{"hashValue":"769014ff4672514749a20d7936dbad75","name":"ResourceTable.h","path":"C:\\Users\\Admin\\DevecostudioProjects\\HarmonyMovie\\entry\\build\\default\\generated\\r\\default\\ResourceTable.h","type":"file","isSymbolicLink":false,"fileMetaData":{"size":1090,"lastModifiedTime":1682298737860}}]},"C:\\Users\\Admin\\DevecostudioProjects\\HarmonyMovie\\entry\\build\\default\\intermediates\\loader\\default":{"hashValue":"3507b2c181f72e666812ae61f11dcc76","name":"default","path":"C:\\Users\\Admin\\DevecostudioProjects\\HarmonyMovie\\entry\\build\\default\\intermediates\\loader\\default","type":"directory","isSymbolicLink":false,"children":[{"hashValue":"98bc1e830de7cfdb755427bcebecfec1","name":"loader.json","path":"C:\\Users\\Admin\\DevecostudioProjects\\HarmonyMovie\\entry\\build\\default\\intermediates\\loader\\default\\loader.json","type":"file","isSymbolicLink":false,"fileMetaData":{"size":334,"lastModifiedTime":1682298737576}}]},"C:\\Users\\Admin\\DevecostudioProjects\\HarmonyMovie\\entry\\build\\default\\intermediates\\res\\default\\module.json":{"hashValue":"587afc7ef4075dc98ce8a45098177064","name":"module.json","path":"C:\\Users\\Admin\\DevecostudioProjects\\HarmonyMovie\\entry\\build\\default\\intermediates\\res\\default\\module.json","type":"file","isSymbolicLink":false,"fileMetaData":{"size":2181,"lastModifiedTime":1682298737863}},"C:\\Users\\Admin\\DevecostudioProjects\\HarmonyMovie\\entry\\build\\default\\intermediates\\res\\default\\ResourceTable.txt":{"hashValue":"fefa851ba0253e9ce8abba8718459d9a","name":"ResourceTable.txt","path":"C:\\Users\\Admin\\DevecostudioProjects\\HarmonyMovie\\entry\\build\\default\\intermediates\\res\\default\\ResourceTable.txt","type":"file","isSymbolicLink":false,"fileMetaData":{"size":248,"lastModifiedTime":1682298737861}},"C:\\Users\\Admin\\DevecostudioProjects\\HarmonyMovie\\entry\\build\\default\\intermediates\\res\\default\\resources\\base\\profile":{"hashValue":"91846c072cbe6bb9fb4c05ea20b1776c","name":"profile","path":"C:\\Users\\Admin\\DevecostudioProjects\\HarmonyMovie\\entry\\build\\default\\intermediates\\res\\default\\resources\\base\\profile","type":"directory","isSymbolicLink":false,"children":[{"hashValue":"64ee80d311d36743f4536413cfa192f3","name":"main_pages.json","path":"C:\\Users\\Admin\\DevecostudioProjects\\HarmonyMovie\\entry\\build\\default\\intermediates\\res\\default\\resources\\base\\profile\\main_pages.json","type":"file","isSymbolicLink":false,"fileMetaData":{"size":56,"lastModifiedTime":1682296728146}}]},"C:\\Users\\Admin\\DevecostudioProjects\\HarmonyMovie\\entry\\src\\main\\ets":{"hashValue":"8c398db81be655217a958c0ff7952a86","name":"ets","path":"C:\\Users\\Admin\\DevecostudioProjects\\HarmonyMovie\\entry\\src\\main\\ets","type":"directory","isSymbolicLink":false,"children":[{"hashValue":"52c4df64781a464737da4a7790062cd7","name":"entryability","path":"C:\\Users\\Admin\\DevecostudioProjects\\HarmonyMovie\\entry\\src\\main\\ets\\entryability","type":"directory","isSymbolicLink":false,"children":[{"hashValue":"3d04a4e97ec49b418bb85e3f2768617a","name":"EntryAbility.ts","path":"C:\\Users\\Admin\\DevecostudioProjects\\HarmonyMovie\\entry\\src\\main\\ets\\entryability\\EntryAbility.ts","type":"file","isSymbolicLink":false,"fileMetaData":{"size":1523,"lastModifiedTime":1682226886777}}]},{"hashValue":"9bcb9774dcbbcf544280c4529deae11c","name":"pages","path":"C:\\Users\\Admin\\DevecostudioProjects\\HarmonyMovie\\entry\\src\\main\\ets\\pages","type":"directory","isSymbolicLink":false,"children":[{"hashValue":"2643b3ab2fa50d680aec5b88e348c33d","name":"Detail.ets","path":"C:\\Users\\Admin\\DevecostudioProjects\\HarmonyMovie\\entry\\src\\main\\ets\\pages\\Detail.ets","type":"file","isSymbolicLink":false,"fileMetaData":{"size":1476,"lastModifiedTime":1682298851402}},{"hashValue":"c742056e7d141a07ee2fe24bf445b8d2","name":"Index.ets","path":"C:\\Users\\Admin\\DevecostudioProjects\\HarmonyMovie\\entry\\src\\main\\ets\\pages\\Index.ets","type":"file","isSymbolicLink":false,"fileMetaData":{"size":2226,"lastModifiedTime":1682298630385}},{"hashValue":"2d774f2f688b38bdfd3a02d2b7549556","name":"objects","path":"C:\\Users\\Admin\\DevecostudioProjects\\HarmonyMovie\\entry\\src\\main\\ets\\pages\\objects","type":"directory","isSymbolicLink":false,"children":[{"hashValue":"7ea4cb29ad256fe750ed568656444c58","name":"movie.ts","path":"C:\\Users\\Admin\\DevecostudioProjects\\HarmonyMovie\\entry\\src\\main\\ets\\pages\\objects\\movie.ts","type":"file","isSymbolicLink":false,"fileMetaData":{"size":314,"lastModifiedTime":1682293708285}}]}]}]},"C:\\Users\\Admin\\DevecostudioProjects\\HarmonyMovie\\entry\\build\\default\\intermediates\\loader_out\\default\\ets":{"hashValue":"02f8b54c7856689e4a11973daea63805","name":"ets","path":"C:\\Users\\Admin\\DevecostudioProjects\\HarmonyMovie\\entry\\build\\default\\intermediates\\loader_out\\default\\ets","type":"directory","isSymbolicLink":false,"children":[{"hashValue":"8f66b28d9fc41a80c0444276087e106f","name":"entryability","path":"C:\\Users\\Admin\\DevecostudioProjects\\HarmonyMovie\\entry\\build\\default\\intermediates\\loader_out\\default\\ets\\entryability","type":"directory","isSymbolicLink":false,"children":[{"hashValue":"bfdbebc23afa17391a401717005bb710","name":"EntryAbility.abc","path":"C:\\Users\\Admin\\DevecostudioProjects\\HarmonyMovie\\entry\\build\\default\\intermediates\\loader_out\\default\\ets\\entryability\\EntryAbility.abc","type":"file","isSymbolicLink":false,"fileMetaData":{"size":12936,"lastModifiedTime":1682298042618}},{"hashValue":"f4436900d54924de479833aafa5f4945","name":"EntryAbility.js","path":"C:\\Users\\Admin\\DevecostudioProjects\\HarmonyMovie\\entry\\build\\default\\intermediates\\loader_out\\default\\ets\\entryability\\EntryAbility.js","type":"file","isSymbolicLink":false,"fileMetaData":{"size":6122,"lastModifiedTime":1682298860751}},{"hashValue":"020c8a8a7e3a8720f87bb87e11b2a73e","name":"EntryAbility.js.map","path":"C:\\Users\\Admin\\DevecostudioProjects\\HarmonyMovie\\entry\\build\\default\\intermediates\\loader_out\\default\\ets\\entryability\\EntryAbility.js.map","type":"file","isSymbolicLink":false,"fileMetaData":{"size":1622,"lastModifiedTime":1682298860751}}]},{"hashValue":"03501d9b43d339dd0945593b2dbf72ce","name":"pages","path":"C:\\Users\\Admin\\DevecostudioProjects\\HarmonyMovie\\entry\\build\\default\\intermediates\\loader_out\\default\\ets\\pages","type":"directory","isSymbolicLink":false,"children":[{"hashValue":"837298918229d344dfca104ad8347a39","name":"Detail.abc","path":"C:\\Users\\Admin\\DevecostudioProjects\\HarmonyMovie\\entry\\build\\default\\intermediates\\loader_out\\default\\ets\\pages\\Detail.abc","type":"file","isSymbolicLink":false,"fileMetaData":{"size":16616,"lastModifiedTime":1682298860851}},{"hashValue":"ce389ef42a560aa438e837cb72137cc9","name":"Detail.js","path":"C:\\Users\\Admin\\DevecostudioProjects\\HarmonyMovie\\entry\\build\\default\\intermediates\\loader_out\\default\\ets\\pages\\Detail.js","type":"file","isSymbolicLink":false,"fileMetaData":{"size":7205,"lastModifiedTime":1682298860751}},{"hashValue":"aef6391c22a84c259d0dbebeb6f0e350","name":"Detail.js.map","path":"C:\\Users\\Admin\\DevecostudioProjects\\HarmonyMovie\\entry\\build\\default\\intermediates\\loader_out\\default\\ets\\pages\\Detail.js.map","type":"file","isSymbolicLink":false,"fileMetaData":{"size":2132,"lastModifiedTime":1682298860751}},{"hashValue":"7fea0fc3ec41330be4d32abb6a4d86de","name":"Index.abc","path":"C:\\Users\\Admin\\DevecostudioProjects\\HarmonyMovie\\entry\\build\\default\\intermediates\\loader_out\\default\\ets\\pages\\Index.abc","type":"file","isSymbolicLink":false,"fileMetaData":{"size":36692,"lastModifiedTime":1682298642329}},{"hashValue":"547d1bb8fb24ccaa5c2feac3c3be646f","name":"Index.js","path":"C:\\Users\\Admin\\DevecostudioProjects\\HarmonyMovie\\entry\\build\\default\\intermediates\\loader_out\\default\\ets\\pages\\Index.js","type":"file","isSymbolicLink":false,"fileMetaData":{"size":18167,"lastModifiedTime":1682298860751}},{"hashValue":"fde4edff7dbabcbdc246f03168f6b3c4","name":"Index.js.map","path":"C:\\Users\\Admin\\DevecostudioProjects\\HarmonyMovie\\entry\\build\\default\\intermediates\\loader_out\\default\\ets\\pages\\Index.js.map","type":"file","isSymbolicLink":false,"fileMetaData":{"size":4631,"lastModifiedTime":1682298860751}}]}]},"C:\\Users\\Admin\\DevecostudioProjects\\HarmonyMovie\\entry\\build\\default\\intermediates\\res\\default\\resources":{"hashValue":"a96e5d2527c87b2689c000ee8770f69b","name":"resources","path":"C:\\Users\\Admin\\DevecostudioProjects\\HarmonyMovie\\entry\\build\\default\\intermediates\\res\\default\\resources","type":"directory","isSymbolicLink":false,"children":[{"hashValue":"6cc5280f49a8d09d95c802616513aa65","name":"base","path":"C:\\Users\\Admin\\DevecostudioProjects\\HarmonyMovie\\entry\\build\\default\\intermediates\\res\\default\\resources\\base","type":"directory","isSymbolicLink":false,"children":[{"hashValue":"53f0e098b7e49f39d3f717cd1b987555","name":"media","path":"C:\\Users\\Admin\\DevecostudioProjects\\HarmonyMovie\\entry\\build\\default\\intermediates\\res\\default\\resources\\base\\media","type":"directory","isSymbolicLink":false,"children":[{"hashValue":"33bd859767c4966c22cdf0f1450a0673","name":"app_icon.png","path":"C:\\Users\\Admin\\DevecostudioProjects\\HarmonyMovie\\entry\\build\\default\\intermediates\\res\\default\\resources\\base\\media\\app_icon.png","type":"file","isSymbolicLink":false,"fileMetaData":{"size":6790,"lastModifiedTime":1682226876170}},{"hashValue":"9c337cfe04f2ddd3346f71b916b56883","name":"icon.png","path":"C:\\Users\\Admin\\DevecostudioProjects\\HarmonyMovie\\entry\\build\\default\\intermediates\\res\\default\\resources\\base\\media\\icon.png","type":"file","isSymbolicLink":false,"fileMetaData":{"size":6790,"lastModifiedTime":1682226876886}}]},{"hashValue":"91846c072cbe6bb9fb4c05ea20b1776c","name":"profile","path":"C:\\Users\\Admin\\DevecostudioProjects\\HarmonyMovie\\entry\\build\\default\\intermediates\\res\\default\\resources\\base\\profile","type":"directory","isSymbolicLink":false,"children":[{"hashValue":"64ee80d311d36743f4536413cfa192f3","name":"main_pages.json","path":"C:\\Users\\Admin\\DevecostudioProjects\\HarmonyMovie\\entry\\build\\default\\intermediates\\res\\default\\resources\\base\\profile\\main_pages.json","type":"file","isSymbolicLink":false,"fileMetaData":{"size":56,"lastModifiedTime":1682296728146}}]}]},{"hashValue":"","name":"rawfile","path":"C:\\Users\\Admin\\DevecostudioProjects\\HarmonyMovie\\entry\\build\\default\\intermediates\\res\\default\\resources\\rawfile","type":"directory","isSymbolicLink":false,"children":[]}]},"C:\\Users\\Admin\\DevecostudioProjects\\HarmonyMovie\\entry\\build\\default\\intermediates\\res\\default\\resources.index":{"hashValue":"ad7df161d7e7f1843af9ef9763cf9481","name":"resources.index","path":"C:\\Users\\Admin\\DevecostudioProjects\\HarmonyMovie\\entry\\build\\default\\intermediates\\res\\default\\resources.index","type":"file","isSymbolicLink":false,"fileMetaData":{"size":1016,"lastModifiedTime":1682298737864}},"C:\\Users\\Admin\\DevecostudioProjects\\HarmonyMovie\\entry\\build\\default\\outputs\\default\\entry-default-unsigned.hap":{"hashValue":"93d7e74d0ff6da1df7588f1c11d81884","name":"entry-default-unsigned.hap","path":"C:\\Users\\Admin\\DevecostudioProjects\\HarmonyMovie\\entry\\build\\default\\outputs\\default\\entry-default-unsigned.hap","type":"file","isSymbolicLink":false,"fileMetaData":{"size":124753,"lastModifiedTime":1682298861286}},"C:\\Users\\Admin\\DevecostudioProjects\\HarmonyMovie\\entry\\build\\default\\intermediates\\loader_out\\default\\js":{"hashValue":"","name":"emptyroot","path":"","type":"unknown","isSymbolicLink":false,"children":[]},"C:\\Users\\Admin\\DevecostudioProjects\\HarmonyMovie\\entry\\build\\default\\outputs\\default\\entry-default-signed.hap":{"hashValue":"","name":"emptyroot","path":"","type":"unknown","isSymbolicLink":false,"children":[]}}