{":HarmonyMovie:entry:default@PreBuild":{"_inputs":[{"dataType":"ValueEntry","value":"{\"_name\":\"BUILTIN_TASK_COMMAND\",\"_value\":\"\",\"_valueType\":\"string\",\"_hash\":\"0b5d05294fdf4e78e8482ef53eb64ac0\"}"},{"dataType":"ValueEntry","value":"{\"_name\":\"BUILTIN_TASK_ENV\",\"_value\":\"\",\"_valueType\":\"string\",\"_hash\":\"cdcdc2ec8062ca9ec1de46dbf2bbc053\"}"},{"dataType":"ValueEntry","value":"{\"_name\":\"BUILTIN_TASK_TOOLCHAIN\",\"_value\":\"\",\"_valueType\":\"string\",\"_hash\":\"e7f94a9422a8bc317a7d90b58efcb5f6\"}"},{"dataType":"ValueEntry","value":"{\"_name\":\"apiType\",\"_value\":\"stageMode\",\"_valueType\":\"string\",\"_hash\":\"699c7565645ea3ea8c88551a4926a3d5\"}"},{"dataType":"ValueEntry","value":"{\"_name\":\"compatibleApiVersion\",\"_value\":9,\"_valueType\":\"number\",\"_hash\":\"8f14da7cda665d5f6676adf8a127634f\"}"},{"dataType":"ValueEntry","value":"{\"_name\":\"compileApiVersion\",\"_value\":9,\"_valueType\":\"number\",\"_hash\":\"cdd5413832c7470f85f225c67a87a683\"}"},{"dataType":"ValueEntry","value":"{\"_name\":\"isESModule\",\"_value\":false,\"_valueType\":\"boolean\",\"_hash\":\"a3b4105df5ea73f0f03c34815c0c4cb8\"}"},{"dataType":"ValueEntry","value":"{\"_name\":\"moduleType\",\"_value\":\"entry\",\"_valueType\":\"string\",\"_hash\":\"8916cb1bf82abb4625b640591bdede6a\"}"},{"dataType":"ValueEntry","value":"{\"_name\":\"profileModuleName\",\"_value\":\"entry\",\"_valueType\":\"string\",\"_hash\":\"b174ea6ff5824844dde5ad92f6b3ef2b\"}"},{"dataType":"ValueEntry","value":"{\"_name\":\"sdkToolchainsComponentVersion\",\"_value\":\"3.2.2.6\",\"_valueType\":\"string\",\"_hash\":\"424c5a8b195c70a7201ed6d9826108fe\"}"},{"dataType":"ValueEntry","value":"{\"_name\":\"targetStatusCode\",\"_value\":2,\"_valueType\":\"number\",\"_hash\":\"5a9255c0f4ee50904a9349ebafca8369\"}"}],"_successful":true,"_projectName":"HarmonyMovie","_moduleName":"entry","_taskName":"default@PreBuild","_key":":HarmonyMovie:entry:default@PreBuild","_executionId":":HarmonyMovie:entry:default@PreBuild:1682298037946","_inputFiles":{"dataType":"Map","value":[["C:\\Users\\Admin\\DevecostudioProjects\\HarmonyMovie\\AppScope\\app.json5",{"isDirectory":false,"fileSnapShotHashValue":"6663bd769fe635081c945012a2f69978"}],["C:\\Users\\Admin\\DevecostudioProjects\\HarmonyMovie\\entry\\src\\main\\module.json5",{"isDirectory":false,"fileSnapShotHashValue":"7df72404f2b23ece3e680f0cb3e42e88"}]]},"_outputFiles":{"dataType":"Map","value":[]}},":HarmonyMovie:entry:default@MergeProfile":{"_inputs":[{"dataType":"ValueEntry","value":"{\"_name\":\"BUILTIN_TASK_COMMAND\",\"_value\":\"\",\"_valueType\":\"string\",\"_hash\":\"0b5d05294fdf4e78e8482ef53eb64ac0\"}"},{"dataType":"ValueEntry","value":"{\"_name\":\"BUILTIN_TASK_ENV\",\"_value\":\"\",\"_valueType\":\"string\",\"_hash\":\"cdcdc2ec8062ca9ec1de46dbf2bbc053\"}"},{"dataType":"ValueEntry","value":"{\"_name\":\"BUILTIN_TASK_TOOLCHAIN\",\"_value\":\"\",\"_valueType\":\"string\",\"_hash\":\"e7f94a9422a8bc317a7d90b58efcb5f6\"}"},{"dataType":"ValueEntry","value":"{\"_name\":\"buildRoot\",\"_value\":\"build\",\"_valueType\":\"string\",\"_hash\":\"4c2dd7bb7507f74001ec27f2936db7f9\"}"},{"dataType":"ValueEntry","value":"{\"_name\":\"compatibleSdkVersion\",\"_value\":9,\"_valueType\":\"number\",\"_hash\":\"789a8631987a2e2b1a03b001c78d0180\"}"},{"dataType":"ValueEntry","value":"{\"_name\":\"isDebug\",\"_value\":true,\"_valueType\":\"boolean\",\"_hash\":\"edbf05a2d2be2c385e75d9565a48d419\"}"},{"dataType":"ValueEntry","value":"{\"_name\":\"isHarModule\",\"_value\":false,\"_valueType\":\"boolean\",\"_hash\":\"a15b7a3ed818faa99a4a10d67f52cb72\"}"},{"dataType":"ValueEntry","value":"{\"_name\":\"multiProjects\",\"_value\":false,\"_valueType\":\"boolean\",\"_hash\":\"555604752defc243b4e4c55d1549fc06\"}"},{"dataType":"ValueEntry","value":"{\"_name\":\"releaseType\",\"_value\":\"Beta1\",\"_valueType\":\"string\",\"_hash\":\"1a006c1958194950c056f6e6aa5438b0\"}"},{"dataType":"ValueEntry","value":"{\"_name\":\"targetSdkVersion\",\"_value\":9,\"_valueType\":\"number\",\"_hash\":\"09b2bdc967d8b97f7b9bf4f19735497e\"}"}],"_successful":true,"_projectName":"HarmonyMovie","_moduleName":"entry","_taskName":"default@MergeProfile","_key":":HarmonyMovie:entry:default@MergeProfile","_executionId":":HarmonyMovie:entry:default@MergeProfile:1682298737564","_inputFiles":{"dataType":"Map","value":[["C:\\Users\\Admin\\DevecostudioProjects\\HarmonyMovie\\AppScope\\app.json5",{"fileSnapShotHashValue":"6663bd769fe635081c945012a2f69978"}],["C:\\Users\\Admin\\DevecostudioProjects\\HarmonyMovie\\entry\\src\\main\\module.json5",{"fileSnapShotHashValue":"7df72404f2b23ece3e680f0cb3e42e88"}]]},"_outputFiles":{"dataType":"Map","value":[["C:\\Users\\Admin\\DevecostudioProjects\\HarmonyMovie\\entry\\build\\default\\intermediates\\merge_profile\\default\\module.json",{"fileSnapShotHashValue":"4276d2bb160c1dcdfb349f474ce6aa7c"}]]}},":HarmonyMovie:entry:default@GenerateLoaderJson":{"_inputs":[{"dataType":"ValueEntry","value":"{\"_name\":\"BUILTIN_TASK_COMMAND\",\"_value\":\"\",\"_valueType\":\"string\",\"_hash\":\"0b5d05294fdf4e78e8482ef53eb64ac0\"}"},{"dataType":"ValueEntry","value":"{\"_name\":\"BUILTIN_TASK_ENV\",\"_value\":\"\",\"_valueType\":\"string\",\"_hash\":\"cdcdc2ec8062ca9ec1de46dbf2bbc053\"}"},{"dataType":"ValueEntry","value":"{\"_name\":\"BUILTIN_TASK_TOOLCHAIN\",\"_value\":\"\",\"_valueType\":\"string\",\"_hash\":\"e7f94a9422a8bc317a7d90b58efcb5f6\"}"},{"dataType":"ValueEntry","value":"{\"_name\":\"compileMode\",\"_value\":\"jsbundle\",\"_valueType\":\"string\",\"_hash\":\"36f3218158f6edc08db68a4571be0e00\"}"},{"dataType":"ValueEntry","value":"{\"_name\":\"modulePathMap\",\"_value\":\"{\\\"entry\\\":\\\"C:\\\\\\\\Users\\\\\\\\Admin\\\\\\\\DevecostudioProjects\\\\\\\\HarmonyMovie\\\\\\\\entry\\\"}\",\"_valueType\":\"string\",\"_hash\":\"fbbb34923d587a2b9f1d622d484b6704\"}"},{"dataType":"ValueEntry","value":"{\"_name\":\"nodeModulesPath\",\"_value\":\"C:\\\\Users\\\\Admin\\\\DevecostudioProjects\\\\HarmonyMovie\\\\entry\\\\build\\\\default\\\\intermediates\\\\loader_out\\\\default\\\\node_modules\",\"_valueType\":\"string\",\"_hash\":\"4aae8d668004548ffee0579cf59ba538\"}"},{"dataType":"ValueEntry","value":"{\"_name\":\"projectRootPath\",\"_value\":\"C:\\\\Users\\\\Admin\\\\DevecostudioProjects\\\\HarmonyMovie\",\"_valueType\":\"string\",\"_hash\":\"e36ddb88b2f6a4a3cf4fafc057fb7d0a\"}"},{"dataType":"ValueEntry","value":"{\"_name\":\"targetConfig\",\"_value\":\"{\\\"name\\\":\\\"default\\\",\\\"runtimeOS\\\":\\\"HarmonyOS\\\"}\",\"_valueType\":\"string\",\"_hash\":\"96bcd83382fb082c731eedf7bc0cf1dc\"}"}],"_successful":true,"_projectName":"HarmonyMovie","_moduleName":"entry","_taskName":"default@GenerateLoaderJson","_key":":HarmonyMovie:entry:default@GenerateLoaderJson","_executionId":":HarmonyMovie:entry:default@GenerateLoaderJson:1682298737570","_inputFiles":{"dataType":"Map","value":[]},"_outputFiles":{"dataType":"Map","value":[["C:\\Users\\Admin\\DevecostudioProjects\\HarmonyMovie\\entry\\build\\default\\intermediates\\loader\\default\\loader.json",{"isDirectory":false,"fileSnapShotHashValue":"98bc1e830de7cfdb755427bcebecfec1"}]]}},":HarmonyMovie:entry:default@ProcessProfile":{"_inputs":[{"dataType":"ValueEntry","value":"{\"_name\":\"BUILTIN_TASK_COMMAND\",\"_value\":\"\",\"_valueType\":\"string\",\"_hash\":\"0b5d05294fdf4e78e8482ef53eb64ac0\"}"},{"dataType":"ValueEntry","value":"{\"_name\":\"BUILTIN_TASK_ENV\",\"_value\":\"\",\"_valueType\":\"string\",\"_hash\":\"cdcdc2ec8062ca9ec1de46dbf2bbc053\"}"},{"dataType":"ValueEntry","value":"{\"_name\":\"BUILTIN_TASK_TOOLCHAIN\",\"_value\":\"\",\"_valueType\":\"string\",\"_hash\":\"e7f94a9422a8bc317a7d90b58efcb5f6\"}"},{"dataType":"ValueEntry","value":"{\"_name\":\"arkEnable\",\"_value\":true,\"_valueType\":\"boolean\",\"_hash\":\"750b4bda198545a67903dfb3f6a00a95\"}"},{"dataType":"ValueEntry","value":"{\"_name\":\"compileMode\",\"_value\":\"jsbundle\",\"_valueType\":\"string\",\"_hash\":\"36f3218158f6edc08db68a4571be0e00\"}"},{"dataType":"ValueEntry","value":"{\"_name\":\"deviceTypes\",\"_value\":[\"phone\"],\"_valueType\":\"object\",\"_hash\":\"bad57feb108b0c386255b211cb9b3622\"}"}],"_successful":true,"_projectName":"HarmonyMovie","_moduleName":"entry","_taskName":"default@ProcessProfile","_key":":HarmonyMovie:entry:default@ProcessProfile","_executionId":":HarmonyMovie:entry:default@ProcessProfile:1682298737591","_inputFiles":{"dataType":"Map","value":[["C:\\Users\\Admin\\DevecostudioProjects\\HarmonyMovie\\entry\\build\\default\\intermediates\\merge_profile\\default\\module.json",{"fileSnapShotHashValue":"4276d2bb160c1dcdfb349f474ce6aa7c"}]]},"_outputFiles":{"dataType":"Map","value":[["C:\\Users\\Admin\\DevecostudioProjects\\HarmonyMovie\\entry\\build\\default\\intermediates\\process_profile\\default\\module.json",{"fileSnapShotHashValue":"23a01f20a74063f642e503909799ab1f"}]]}},":HarmonyMovie:entry:default@PreviewProcessResource":{"_inputs":[{"dataType":"ValueEntry","value":"{\"_name\":\"previewCompileResourcesCommand\",\"_value\":\"{\\\"commandList\\\":[\\\"D:\\\\\\\\HW\\\\\\\\SDK\\\\\\\\openharmony\\\\\\\\9\\\\\\\\toolchains\\\\\\\\restool.exe\\\",\\\"-m\\\",\\\"entry\\\",\\\"-f\\\",\\\"-j\\\",\\\"C:\\\\\\\\Users\\\\\\\\Admin\\\\\\\\DevecostudioProjects\\\\\\\\HarmonyMovie\\\\\\\\entry\\\\\\\\.preview\\\\\\\\default\\\\\\\\intermediates\\\\\\\\process_profile\\\\\\\\default\\\\\\\\module.json\\\",\\\"-p\\\",\\\"work.twradio.myapplication\\\",\\\"-o\\\",\\\"C:\\\\\\\\Users\\\\\\\\Admin\\\\\\\\DevecostudioProjects\\\\\\\\HarmonyMovie\\\\\\\\entry\\\\\\\\.preview\\\\\\\\default\\\\\\\\intermediates\\\\\\\\res\\\\\\\\default\\\",\\\"-r\\\",\\\"C:\\\\\\\\Users\\\\\\\\Admin\\\\\\\\DevecostudioProjects\\\\\\\\HarmonyMovie\\\\\\\\entry\\\\\\\\.preview\\\\\\\\default\\\\\\\\generated\\\\\\\\r\\\\\\\\default\\\\\\\\ResourceTable.h\\\"],\\\"inputFiles\\\":{\\\"_group\\\":{}},\\\"outputFiles\\\":{\\\"_group\\\":{}},\\\"existsResourceDir\\\":true,\\\"restoolLinkParamObj\\\":{\\\"appScopeResources\\\":\\\"C:\\\\\\\\Users\\\\\\\\Admin\\\\\\\\DevecostudioProjects\\\\\\\\HarmonyMovie\\\\\\\\AppScope\\\\\\\\resources\\\",\\\"moduleResourcesMap\\\":{},\\\"harResourcesMap\\\":{},\\\"outputPath\\\":\\\"C:\\\\\\\\Users\\\\\\\\Admin\\\\\\\\DevecostudioProjects\\\\\\\\HarmonyMovie\\\\\\\\entry\\\\\\\\.preview\\\\\\\\default\\\\\\\\intermediates\\\\\\\\res\\\\\\\\default\\\",\\\"linkCommand\\\":[\\\"D:\\\\\\\\HW\\\\\\\\SDK\\\\\\\\openharmony\\\\\\\\9\\\\\\\\toolchains\\\\\\\\restool.exe\\\",\\\"-m\\\",\\\"entry\\\",\\\"-f\\\",\\\"-j\\\",\\\"C:\\\\\\\\Users\\\\\\\\Admin\\\\\\\\DevecostudioProjects\\\\\\\\HarmonyMovie\\\\\\\\entry\\\\\\\\.preview\\\\\\\\default\\\\\\\\intermediates\\\\\\\\process_profile\\\\\\\\default\\\\\\\\module.json\\\",\\\"-p\\\",\\\"work.twradio.myapplication\\\",\\\"-r\\\",\\\"C:\\\\\\\\Users\\\\\\\\Admin\\\\\\\\DevecostudioProjects\\\\\\\\HarmonyMovie\\\\\\\\entry\\\\\\\\.preview\\\\\\\\default\\\\\\\\generated\\\\\\\\r\\\\\\\\default\\\\\\\\ResourceTable.h\\\",\\\"-z\\\"]}}\",\"_valueType\":\"string\"}"},{"dataType":"ValueEntry","value":"{\"_name\":\"BUILTIN_TASK_COMMAND\",\"_value\":\"\",\"_valueType\":\"string\"}"},{"dataType":"ValueEntry","value":"{\"_name\":\"BUILTIN_TASK_TOOLCHAIN\",\"_value\":\"\",\"_valueType\":\"string\"}"},{"dataType":"ValueEntry","value":"{\"_name\":\"BUILTIN_TASK_ENV\",\"_value\":\"\",\"_valueType\":\"string\"}"}],"_successful":true,"_projectName":"HarmonyMovie","_moduleName":"entry","_taskName":"default@PreviewProcessResource","_key":":HarmonyMovie:entry:default@PreviewProcessResource","_executionId":":HarmonyMovie:entry:default@PreviewProcessResource:1682298719127","_inputFiles":{"dataType":"Map","value":[]},"_outputFiles":{"dataType":"Map","value":[["{\"commandList\":[\"D:\\\\HW\\\\SDK\\\\openharmony\\\\9\\\\toolchains\\\\restool.exe\",\"-m\",\"entry\",\"-f\",\"-j\",\"C:\\\\Users\\\\Admin\\\\DevecostudioProjects\\\\HarmonyMovie\\\\entry\\\\.preview\\\\default\\\\intermediates\\\\process_profile\\\\default\\\\module.json\",\"-p\",\"work.twradio.myapplication\",\"-o\",\"C:\\\\Users\\\\Admin\\\\DevecostudioProjects\\\\HarmonyMovie\\\\entry\\\\.preview\\\\default\\\\intermediates\\\\res\\\\default\",\"-r\",\"C:\\\\Users\\\\Admin\\\\DevecostudioProjects\\\\HarmonyMovie\\\\entry\\\\.preview\\\\default\\\\generated\\\\r\\\\default\\\\ResourceTable.h\"],\"inputFiles\":{\"_group\":{}},\"outputFiles\":{\"_group\":{}},\"existsResourceDir\":true,\"restoolLinkParamObj\":{\"appScopeResources\":\"C:\\\\Users\\\\Admin\\\\DevecostudioProjects\\\\HarmonyMovie\\\\AppScope\\\\resources\",\"moduleResourcesMap\":{},\"harResourcesMap\":{},\"outputPath\":\"C:\\\\Users\\\\Admin\\\\DevecostudioProjects\\\\HarmonyMovie\\\\entry\\\\.preview\\\\default\\\\intermediates\\\\res\\\\default\",\"linkCommand\":[\"D:\\\\HW\\\\SDK\\\\openharmony\\\\9\\\\toolchains\\\\restool.exe\",\"-m\",\"entry\",\"-f\",\"-j\",\"C:\\\\Users\\\\Admin\\\\DevecostudioProjects\\\\HarmonyMovie\\\\entry\\\\.preview\\\\default\\\\intermediates\\\\process_profile\\\\default\\\\module.json\",\"-p\",\"work.twradio.myapplication\",\"-r\",\"C:\\\\Users\\\\Admin\\\\DevecostudioProjects\\\\HarmonyMovie\\\\entry\\\\.preview\\\\default\\\\generated\\\\r\\\\default\\\\ResourceTable.h\",\"-z\"]}}",{"isDirectory":false,"fileSnapShotHashValue":""}]]}},":HarmonyMovie:entry:default@PreviewCompileResource":{"_inputs":[{"dataType":"ValueEntry","value":"{\"_name\":\"PREVIEWER_REPLACE_PAGE\",\"_valueType\":\"undefined\"}"},{"dataType":"ValueEntry","value":"{\"_name\":\"PREVIEWER_REPLACE_SRCPATH\",\"_valueType\":\"undefined\"}"},{"dataType":"ValueEntry","value":"{\"_name\":\"TARGET_CONFIG\",\"_value\":\"{\\\"name\\\":\\\"default\\\",\\\"runtimeOS\\\":\\\"HarmonyOS\\\"}\",\"_valueType\":\"string\"}"},{"dataType":"ValueEntry","value":"{\"_name\":\"BUILTIN_TASK_COMMAND\",\"_value\":\"\",\"_valueType\":\"string\"}"},{"dataType":"ValueEntry","value":"{\"_name\":\"BUILTIN_TASK_TOOLCHAIN\",\"_value\":\"D:\\\\HW\\\\SDK\\\\openharmony\\\\9\\\\toolchains\\\\restool.exe\",\"_valueType\":\"string\"}"},{"dataType":"ValueEntry","value":"{\"_name\":\"BUILTIN_TASK_ENV\",\"_value\":\"\",\"_valueType\":\"string\"}"}],"_successful":true,"_projectName":"HarmonyMovie","_moduleName":"entry","_taskName":"default@PreviewCompileResource","_key":":HarmonyMovie:entry:default@PreviewCompileResource","_executionId":":HarmonyMovie:entry:default@PreviewCompileResource:1682298719134","_inputFiles":{"dataType":"Map","value":[["C:\\Users\\Admin\\DevecostudioProjects\\HarmonyMovie\\entry\\src\\main\\resources",{"fileSnapShotHashValue":"d9a3dbcd8deab7ccb9684abc308b0814"}],["C:\\Users\\Admin\\DevecostudioProjects\\HarmonyMovie\\AppScope\\resources",{"fileSnapShotHashValue":"7a5b737d7a867d1f7a2d9e89854a7b56"}],["C:\\Users\\Admin\\DevecostudioProjects\\HarmonyMovie\\entry\\.preview\\default\\intermediates\\process_profile\\default\\module.json",{"isDirectory":false,"fileSnapShotHashValue":"1c468c00c995cfae9127db197dde13b6"}]]},"_outputFiles":{"dataType":"Map","value":[["C:\\Users\\Admin\\DevecostudioProjects\\HarmonyMovie\\entry\\.preview\\default\\intermediates\\res\\default",{"isDirectory":true,"fileSnapShotHashValue":"7eadef361b4fb506e8126b7c550a9d05"}],["C:\\Users\\Admin\\DevecostudioProjects\\HarmonyMovie\\entry\\.preview\\default\\generated\\r\\default\\ResourceTable.h",{"isDirectory":false,"fileSnapShotHashValue":"dad47f950cb4ea1bae569c75a4748fb6"}],["C:\\Users\\Admin\\DevecostudioProjects\\HarmonyMovie\\entry\\.preview\\default\\generated\\r\\default",{"isDirectory":true,"fileSnapShotHashValue":"d6dcfab3d719488b7eedda08eeac3038"}]]}},":HarmonyMovie:entry:default@MakePackInfo":{"_inputs":[{"dataType":"ValueEntry","value":"{\"_name\":\"BUILTIN_TASK_COMMAND\",\"_value\":\"\",\"_valueType\":\"string\",\"_hash\":\"0b5d05294fdf4e78e8482ef53eb64ac0\"}"},{"dataType":"ValueEntry","value":"{\"_name\":\"BUILTIN_TASK_ENV\",\"_value\":\"\",\"_valueType\":\"string\",\"_hash\":\"cdcdc2ec8062ca9ec1de46dbf2bbc053\"}"},{"dataType":"ValueEntry","value":"{\"_name\":\"BUILTIN_TASK_TOOLCHAIN\",\"_value\":\"\",\"_valueType\":\"string\",\"_hash\":\"e7f94a9422a8bc317a7d90b58efcb5f6\"}"},{"dataType":"ValueEntry","value":"{\"_name\":\"compatibleSdkVersion\",\"_value\":9,\"_valueType\":\"number\",\"_hash\":\"789a8631987a2e2b1a03b001c78d0180\"}"},{"dataType":"ValueEntry","value":"{\"_name\":\"compileSdkVersion\",\"_value\":9,\"_valueType\":\"number\",\"_hash\":\"3d4d5df63426ff238569b8e54a6b76e3\"}"},{"dataType":"ValueEntry","value":"{\"_name\":\"deviceTypes\",\"_value\":[\"phone\"],\"_valueType\":\"object\",\"_hash\":\"bad57feb108b0c386255b211cb9b3622\"}"},{"dataType":"ValueEntry","value":"{\"_name\":\"releaseType\",\"_value\":\"Beta1\",\"_valueType\":\"string\",\"_hash\":\"1a006c1958194950c056f6e6aa5438b0\"}"}],"_successful":true,"_projectName":"HarmonyMovie","_moduleName":"entry","_taskName":"default@MakePackInfo","_key":":HarmonyMovie:entry:default@MakePackInfo","_executionId":":HarmonyMovie:entry:default@MakePackInfo:1682298038107","_inputFiles":{"dataType":"Map","value":[["C:\\Users\\Admin\\DevecostudioProjects\\HarmonyMovie\\AppScope\\app.json5",{"fileSnapShotHashValue":"6663bd769fe635081c945012a2f69978"}],["C:\\Users\\Admin\\DevecostudioProjects\\HarmonyMovie\\entry\\src\\main\\module.json5",{"fileSnapShotHashValue":"7df72404f2b23ece3e680f0cb3e42e88"}]]},"_outputFiles":{"dataType":"Map","value":[["C:\\Users\\Admin\\DevecostudioProjects\\HarmonyMovie\\entry\\build\\default\\outputs\\default\\pack.info",{"fileSnapShotHashValue":"d79707c34b53d98bd56640e8a030afae"}]]}},":HarmonyMovie:entry:default@ProcessResource":{"_inputs":[{"dataType":"ValueEntry","value":"{\"_name\":\"BUILTIN_TASK_COMMAND\",\"_value\":\"\",\"_valueType\":\"string\",\"_hash\":\"0b5d05294fdf4e78e8482ef53eb64ac0\"}"},{"dataType":"ValueEntry","value":"{\"_name\":\"BUILTIN_TASK_ENV\",\"_value\":\"\",\"_valueType\":\"string\",\"_hash\":\"cdcdc2ec8062ca9ec1de46dbf2bbc053\"}"},{"dataType":"ValueEntry","value":"{\"_name\":\"BUILTIN_TASK_TOOLCHAIN\",\"_value\":\"\",\"_valueType\":\"string\",\"_hash\":\"e7f94a9422a8bc317a7d90b58efcb5f6\"}"},{"dataType":"ValueEntry","value":"{\"_name\":\"resConfigJsonContent\",\"_value\":\"{\\\"configPath\\\":\\\"C:\\\\\\\\Users\\\\\\\\Admin\\\\\\\\DevecostudioProjects\\\\\\\\HarmonyMovie\\\\\\\\entry\\\\\\\\build\\\\\\\\default\\\\\\\\intermediates\\\\\\\\process_profile\\\\\\\\default\\\\\\\\module.json\\\",\\\"packageName\\\":\\\"work.twradio.myapplication\\\",\\\"output\\\":\\\"C:\\\\\\\\Users\\\\\\\\Admin\\\\\\\\DevecostudioProjects\\\\\\\\HarmonyMovie\\\\\\\\entry\\\\\\\\build\\\\\\\\default\\\\\\\\intermediates\\\\\\\\res\\\\\\\\default\\\",\\\"moduleNames\\\":\\\"entry\\\",\\\"ResourceTable\\\":[\\\"C:\\\\\\\\Users\\\\\\\\Admin\\\\\\\\DevecostudioProjects\\\\\\\\HarmonyMovie\\\\\\\\entry\\\\\\\\build\\\\\\\\default\\\\\\\\generated\\\\\\\\r\\\\\\\\default\\\\\\\\ResourceTable.h\\\"],\\\"applicationResource\\\":\\\"C:\\\\\\\\Users\\\\\\\\Admin\\\\\\\\DevecostudioProjects\\\\\\\\HarmonyMovie\\\\\\\\AppScope\\\\\\\\resources\\\",\\\"moduleResources\\\":[\\\"C:\\\\\\\\Users\\\\\\\\Admin\\\\\\\\DevecostudioProjects\\\\\\\\HarmonyMovie\\\\\\\\entry\\\\\\\\src\\\\\\\\main\\\\\\\\resources\\\"],\\\"dependencies\\\":[]}\",\"_valueType\":\"string\",\"_hash\":\"af4accb77848c1a644f012226add0491\"}"}],"_successful":true,"_projectName":"HarmonyMovie","_moduleName":"entry","_taskName":"default@ProcessResource","_key":":HarmonyMovie:entry:default@ProcessResource","_executionId":":HarmonyMovie:entry:default@ProcessResource:1682298038267","_inputFiles":{"dataType":"Map","value":[]},"_outputFiles":{"dataType":"Map","value":[["C:\\Users\\Admin\\DevecostudioProjects\\HarmonyMovie\\entry\\build\\default\\intermediates\\res\\default\\resConfig.json",{"isDirectory":false,"fileSnapShotHashValue":"bced71d7713cc5441c443890b166da88"}]]}},":HarmonyMovie:entry:default@ProcessLibs":{"_inputs":[{"dataType":"ValueEntry","value":"{\"_name\":\"BUILTIN_TASK_COMMAND\",\"_value\":\"\",\"_valueType\":\"string\",\"_hash\":\"0b5d05294fdf4e78e8482ef53eb64ac0\"}"},{"dataType":"ValueEntry","value":"{\"_name\":\"BUILTIN_TASK_ENV\",\"_value\":\"\",\"_valueType\":\"string\",\"_hash\":\"cdcdc2ec8062ca9ec1de46dbf2bbc053\"}"},{"dataType":"ValueEntry","value":"{\"_name\":\"BUILTIN_TASK_TOOLCHAIN\",\"_value\":\"\",\"_valueType\":\"string\",\"_hash\":\"e7f94a9422a8bc317a7d90b58efcb5f6\"}"}],"_successful":true,"_projectName":"HarmonyMovie","_moduleName":"entry","_taskName":"default@ProcessLibs","_key":":HarmonyMovie:entry:default@ProcessLibs","_executionId":":HarmonyMovie:entry:default@ProcessLibs:1682298038270","_inputFiles":{"dataType":"Map","value":[]},"_outputFiles":{"dataType":"Map","value":[["C:\\Users\\Admin\\DevecostudioProjects\\HarmonyMovie\\entry\\build\\default\\intermediates\\libs\\default",{"isDirectory":true,"fileSnapShotHashValue":""}]]}},":HarmonyMovie:entry:default@CompileResource":{"_inputs":[{"dataType":"ValueEntry","value":"{\"_name\":\"BUILTIN_TASK_COMMAND\",\"_value\":\"D:\\\\HW\\\\SDK\\\\openharmony\\\\9\\\\toolchains\\\\restool.exe,-l,C:\\\\Users\\\\Admin\\\\DevecostudioProjects\\\\HarmonyMovie\\\\entry\\\\build\\\\default\\\\intermediates\\\\res\\\\default\\\\resConfig.json\",\"_valueType\":\"string\",\"_hash\":\"6726e3a6310ca70438c99f8d921d418a\"}"},{"dataType":"ValueEntry","value":"{\"_name\":\"BUILTIN_TASK_ENV\",\"_value\":\"\",\"_valueType\":\"string\",\"_hash\":\"cdcdc2ec8062ca9ec1de46dbf2bbc053\"}"},{"dataType":"ValueEntry","value":"{\"_name\":\"BUILTIN_TASK_TOOLCHAIN\",\"_value\":\"D:\\\\HW\\\\SDK\\\\openharmony\\\\9\\\\toolchains\\\\restool.exe\",\"_valueType\":\"string\",\"_hash\":\"788d2d9e3adcb27d5326334112dc5b57\"}"},{"dataType":"ValueEntry","value":"{\"_name\":\"TARGET_CONFIG\",\"_value\":\"{\\\"name\\\":\\\"default\\\",\\\"runtimeOS\\\":\\\"HarmonyOS\\\"}\",\"_valueType\":\"string\",\"_hash\":\"d1734598343a94c88ec5404fdcdfa944\"}"}],"_successful":true,"_projectName":"HarmonyMovie","_moduleName":"entry","_taskName":"default@CompileResource","_key":":HarmonyMovie:entry:default@CompileResource","_executionId":":HarmonyMovie:entry:default@CompileResource:1682298737752","_inputFiles":{"dataType":"Map","value":[["C:\\Users\\Admin\\DevecostudioProjects\\HarmonyMovie\\entry\\src\\main\\resources",{"fileSnapShotHashValue":"d9a3dbcd8deab7ccb9684abc308b0814"}],["C:\\Users\\Admin\\DevecostudioProjects\\HarmonyMovie\\AppScope\\resources",{"fileSnapShotHashValue":"7a5b737d7a867d1f7a2d9e89854a7b56"}],["C:\\Users\\Admin\\DevecostudioProjects\\HarmonyMovie\\entry\\build\\default\\intermediates\\process_profile\\default\\module.json",{"isDirectory":false,"fileSnapShotHashValue":"23a01f20a74063f642e503909799ab1f"}],["C:\\Users\\Admin\\DevecostudioProjects\\HarmonyMovie\\entry\\build\\default\\intermediates\\res\\default\\resConfig.json",{"isDirectory":false,"fileSnapShotHashValue":"bced71d7713cc5441c443890b166da88"}]]},"_outputFiles":{"dataType":"Map","value":[["C:\\Users\\Admin\\DevecostudioProjects\\HarmonyMovie\\entry\\build\\default\\intermediates\\res\\default",{"isDirectory":true,"fileSnapShotHashValue":"fb04a179c44ae769f602f9771a01c840"}],["C:\\Users\\Admin\\DevecostudioProjects\\HarmonyMovie\\entry\\build\\default\\generated\\r\\default\\ResourceTable.h",{"isDirectory":false,"fileSnapShotHashValue":"769014ff4672514749a20d7936dbad75"}],["C:\\Users\\Admin\\DevecostudioProjects\\HarmonyMovie\\entry\\build\\default\\generated\\r\\default",{"isDirectory":true,"fileSnapShotHashValue":"e37443cbfd85011c72f98b72513f780c"}]]}},":HarmonyMovie:entry:default@CompileArkTS":{"_inputs":[{"dataType":"ValueEntry","value":"{\"_name\":\"debuggable\",\"_value\":true,\"_valueType\":\"boolean\"}"},{"dataType":"ValueEntry","value":"{\"_name\":\"isArk\",\"_value\":true,\"_valueType\":\"boolean\"}"},{"dataType":"ValueEntry","value":"{\"_name\":\"BUILTIN_TASK_COMMAND\",\"_value\":\"\",\"_valueType\":\"string\"}"},{"dataType":"ValueEntry","value":"{\"_name\":\"BUILTIN_TASK_TOOLCHAIN\",\"_value\":\"\",\"_valueType\":\"string\"}"},{"dataType":"ValueEntry","value":"{\"_name\":\"BUILTIN_TASK_ENV\",\"_value\":\"\",\"_valueType\":\"string\"}"}],"_successful":true,"_projectName":"HarmonyMovie","_moduleName":"entry","_taskName":"default@CompileArkTS","_key":":HarmonyMovie:entry:default@CompileArkTS","_executionId":":HarmonyMovie:entry:default@CompileArkTS:1682298856697","_inputFiles":{"dataType":"Map","value":[["C:\\Users\\Admin\\DevecostudioProjects\\HarmonyMovie\\entry\\build\\default\\intermediates\\loader\\default",{"isDirectory":true,"fileSnapShotHashValue":"3507b2c181f72e666812ae61f11dcc76"}],["C:\\Users\\Admin\\DevecostudioProjects\\HarmonyMovie\\entry\\build\\default\\intermediates\\res\\default\\module.json",{"fileSnapShotHashValue":"587afc7ef4075dc98ce8a45098177064"}],["C:\\Users\\Admin\\DevecostudioProjects\\HarmonyMovie\\entry\\build\\default\\intermediates\\res\\default\\ResourceTable.txt",{"fileSnapShotHashValue":"fefa851ba0253e9ce8abba8718459d9a"}],["C:\\Users\\Admin\\DevecostudioProjects\\HarmonyMovie\\entry\\build\\default\\intermediates\\res\\default\\resources\\base\\profile",{"isDirectory":true,"fileSnapShotHashValue":"91846c072cbe6bb9fb4c05ea20b1776c"}],["C:\\Users\\Admin\\DevecostudioProjects\\HarmonyMovie\\entry\\src\\main\\ets",{"isDirectory":true,"fileSnapShotHashValue":"8c398db81be655217a958c0ff7952a86"}]]},"_outputFiles":{"dataType":"Map","value":[["C:\\Users\\Admin\\DevecostudioProjects\\HarmonyMovie\\entry\\build\\default\\intermediates\\loader_out\\default\\ets",{"isDirectory":true,"fileSnapShotHashValue":"02f8b54c7856689e4a11973daea63805"}]]}},":HarmonyMovie:entry:default@CompileJS":{"_inputs":[{"dataType":"ValueEntry","value":"{\"_name\":\"debuggable\",\"_value\":true,\"_valueType\":\"boolean\"}"},{"dataType":"ValueEntry","value":"{\"_name\":\"isArk\",\"_value\":true,\"_valueType\":\"boolean\"}"},{"dataType":"ValueEntry","value":"{\"_name\":\"BUILTIN_TASK_COMMAND\",\"_value\":\"\",\"_valueType\":\"string\"}"},{"dataType":"ValueEntry","value":"{\"_name\":\"BUILTIN_TASK_TOOLCHAIN\",\"_value\":\"\",\"_valueType\":\"string\"}"},{"dataType":"ValueEntry","value":"{\"_name\":\"BUILTIN_TASK_ENV\",\"_value\":\"\",\"_valueType\":\"string\"}"}],"_successful":true,"_projectName":"HarmonyMovie","_moduleName":"entry","_taskName":"default@CompileJS","_key":":HarmonyMovie:entry:default@CompileJS","_executionId":":HarmonyMovie:entry:default@CompileJS:1682298856723","_inputFiles":{"dataType":"Map","value":[["C:\\Users\\Admin\\DevecostudioProjects\\HarmonyMovie\\entry\\build\\default\\intermediates\\loader\\default",{"isDirectory":true,"fileSnapShotHashValue":"3507b2c181f72e666812ae61f11dcc76"}],["C:\\Users\\Admin\\DevecostudioProjects\\HarmonyMovie\\entry\\build\\default\\intermediates\\res\\default\\module.json",{"fileSnapShotHashValue":"587afc7ef4075dc98ce8a45098177064"}],["C:\\Users\\Admin\\DevecostudioProjects\\HarmonyMovie\\entry\\build\\default\\intermediates\\res\\default\\ResourceTable.txt",{"fileSnapShotHashValue":"fefa851ba0253e9ce8abba8718459d9a"}],["C:\\Users\\Admin\\DevecostudioProjects\\HarmonyMovie\\entry\\build\\default\\intermediates\\res\\default\\resources\\base\\profile",{"isDirectory":true,"fileSnapShotHashValue":"91846c072cbe6bb9fb4c05ea20b1776c"}]]},"_outputFiles":{"dataType":"Map","value":[["C:\\Users\\Admin\\DevecostudioProjects\\HarmonyMovie\\entry\\build\\default\\intermediates\\loader_out\\default\\js",{"isDirectory":true,"fileSnapShotHashValue":""}]]}},":HarmonyMovie:entry:default@PackageHap":{"_inputs":[{"dataType":"ValueEntry","value":"{\"_name\":\"hotReload\",\"_value\":false,\"_valueType\":\"boolean\"}"},{"dataType":"ValueEntry","value":"{\"_name\":\"BUILTIN_TASK_COMMAND\",\"_value\":\"java,-Dfile.encoding=utf-8,-jar,D:\\\\HW\\\\SDK\\\\openharmony\\\\9\\\\toolchains\\\\lib\\\\app_packing_tool.jar,--mode,hap,--force,true,--lib-path,C:\\\\Users\\\\Admin\\\\DevecostudioProjects\\\\HarmonyMovie\\\\entry\\\\build\\\\default\\\\intermediates\\\\libs\\\\default,--json-path,C:\\\\Users\\\\Admin\\\\DevecostudioProjects\\\\HarmonyMovie\\\\entry\\\\build\\\\default\\\\intermediates\\\\res\\\\default\\\\module.json,--resources-path,C:\\\\Users\\\\Admin\\\\DevecostudioProjects\\\\HarmonyMovie\\\\entry\\\\build\\\\default\\\\intermediates\\\\res\\\\default\\\\resources,--index-path,C:\\\\Users\\\\Admin\\\\DevecostudioProjects\\\\HarmonyMovie\\\\entry\\\\build\\\\default\\\\intermediates\\\\res\\\\default\\\\resources.index,--pack-info-path,C:\\\\Users\\\\Admin\\\\DevecostudioProjects\\\\HarmonyMovie\\\\entry\\\\build\\\\default\\\\outputs\\\\default\\\\pack.info,--out-path,C:\\\\Users\\\\Admin\\\\DevecostudioProjects\\\\HarmonyMovie\\\\entry\\\\build\\\\default\\\\outputs\\\\default\\\\entry-default-unsigned.hap,--ets-path,C:\\\\Users\\\\Admin\\\\DevecostudioProjects\\\\HarmonyMovie\\\\entry\\\\build\\\\default\\\\intermediates\\\\loader_out\\\\default\\\\ets\",\"_valueType\":\"string\"}"},{"dataType":"ValueEntry","value":"{\"_name\":\"BUILTIN_TASK_TOOLCHAIN\",\"_value\":\"D:\\\\HW\\\\SDK\\\\openharmony\\\\9\\\\toolchains\\\\lib\\\\app_packing_tool.jar\",\"_valueType\":\"string\"}"},{"dataType":"ValueEntry","value":"{\"_name\":\"BUILTIN_TASK_ENV\",\"_value\":\"\",\"_valueType\":\"string\"}"}],"_successful":true,"_projectName":"HarmonyMovie","_moduleName":"entry","_taskName":"default@PackageHap","_key":":HarmonyMovie:entry:default@PackageHap","_executionId":":HarmonyMovie:entry:default@PackageHap:1682298860934","_inputFiles":{"dataType":"Map","value":[["C:\\Users\\Admin\\DevecostudioProjects\\HarmonyMovie\\entry\\build\\default\\intermediates\\libs\\default",{"isDirectory":false,"fileSnapShotHashValue":""}],["C:\\Users\\Admin\\DevecostudioProjects\\HarmonyMovie\\entry\\build\\default\\intermediates\\res\\default\\module.json",{"isDirectory":false,"fileSnapShotHashValue":"587afc7ef4075dc98ce8a45098177064"}],["C:\\Users\\Admin\\DevecostudioProjects\\HarmonyMovie\\entry\\build\\default\\intermediates\\res\\default\\resources",{"isDirectory":false,"fileSnapShotHashValue":"a96e5d2527c87b2689c000ee8770f69b"}],["C:\\Users\\Admin\\DevecostudioProjects\\HarmonyMovie\\entry\\build\\default\\intermediates\\res\\default\\resources.index",{"isDirectory":false,"fileSnapShotHashValue":"ad7df161d7e7f1843af9ef9763cf9481"}],["C:\\Users\\Admin\\DevecostudioProjects\\HarmonyMovie\\entry\\build\\default\\outputs\\default\\pack.info",{"isDirectory":false,"fileSnapShotHashValue":"d79707c34b53d98bd56640e8a030afae"}],["C:\\Users\\Admin\\DevecostudioProjects\\HarmonyMovie\\entry\\build\\default\\intermediates\\loader_out\\default\\ets",{"isDirectory":false,"fileSnapShotHashValue":"02f8b54c7856689e4a11973daea63805"}]]},"_outputFiles":{"dataType":"Map","value":[["C:\\Users\\Admin\\DevecostudioProjects\\HarmonyMovie\\entry\\build\\default\\outputs\\default\\entry-default-unsigned.hap",{"isDirectory":false,"fileSnapShotHashValue":"93d7e74d0ff6da1df7588f1c11d81884"}]]}},":HarmonyMovie:entry:default@SignHap":{"_inputs":[{"dataType":"ValueEntry","value":"{\"_name\":\"signingConfig_signAlg\",\"_value\":\"\",\"_valueType\":\"string\"}"},{"dataType":"ValueEntry","value":"{\"_name\":\"signingConfig_keyAlias\",\"_value\":\"\",\"_valueType\":\"string\"}"},{"dataType":"ValueEntry","value":"{\"_name\":\"signingConfig_keyPassword\",\"_value\":\"\",\"_valueType\":\"string\"}"},{"dataType":"ValueEntry","value":"{\"_name\":\"signingConfig_storePassword\",\"_value\":\"\",\"_valueType\":\"string\"}"},{"dataType":"ValueEntry","value":"{\"_name\":\"sdkToolchainsComponentVersion\",\"_value\":\"3.2.2.6\",\"_valueType\":\"string\"}"},{"dataType":"ValueEntry","value":"{\"_name\":\"BUILTIN_TASK_COMMAND\",\"_value\":\"\",\"_valueType\":\"string\"}"},{"dataType":"ValueEntry","value":"{\"_name\":\"BUILTIN_TASK_TOOLCHAIN\",\"_value\":\"\",\"_valueType\":\"string\"}"},{"dataType":"ValueEntry","value":"{\"_name\":\"BUILTIN_TASK_ENV\",\"_value\":\"\",\"_valueType\":\"string\"}"}],"_successful":true,"_projectName":"HarmonyMovie","_moduleName":"entry","_taskName":"default@SignHap","_key":":HarmonyMovie:entry:default@SignHap","_executionId":":HarmonyMovie:entry:default@SignHap:1682298861309","_inputFiles":{"dataType":"Map","value":[["C:\\Users\\Admin\\DevecostudioProjects\\HarmonyMovie\\entry\\build\\default\\outputs\\default\\entry-default-unsigned.hap",{"isDirectory":false,"fileSnapShotHashValue":"93d7e74d0ff6da1df7588f1c11d81884"}]]},"_outputFiles":{"dataType":"Map","value":[["C:\\Users\\Admin\\DevecostudioProjects\\HarmonyMovie\\entry\\build\\default\\outputs\\default\\entry-default-signed.hap",{"isDirectory":false,"fileSnapShotHashValue":""}]]}}}