{"C:\\Users\\LiuJunshan\\Desktop\\Harmony\\homework_1\\entry\\src\\main\\config.json":{"hashValue":"fbb97a7ebd597fda9b4f52bbc4f83bc9","name":"config.json","path":"C:\\Users\\LiuJunshan\\Desktop\\Harmony\\homework_1\\entry\\src\\main\\config.json","type":"file","isSymbolicLink":false,"fileMetaData":{"size":1519,"lastModifiedTime":1682214683155}},"C:\\Users\\LiuJunshan\\Desktop\\Harmony\\homework_1\\entry\\.preview\\default\\intermediates\\merge_profile\\default\\config.json":{"hashValue":"b6cad247c2f33aa593287e5ef4413cfa","name":"config.json","path":"C:\\Users\\LiuJunshan\\Desktop\\Harmony\\homework_1\\entry\\.preview\\default\\intermediates\\merge_profile\\default\\config.json","type":"file","isSymbolicLink":false,"fileMetaData":{"size":1352,"lastModifiedTime":1682217285202}},"C:\\Users\\LiuJunshan\\Desktop\\Harmony\\homework_1\\entry\\.preview\\default\\intermediates\\manifest\\default":{"hashValue":"9d3db3ea864904a651078db15da32175","name":"default","path":"C:\\Users\\LiuJunshan\\Desktop\\Harmony\\homework_1\\entry\\.preview\\default\\intermediates\\manifest\\default","type":"directory","isSymbolicLink":false,"children":[{"hashValue":"e686c607ff19cd5c1113c893ba228ec0","name":"MainAbility","path":"C:\\Users\\LiuJunshan\\Desktop\\Harmony\\homework_1\\entry\\.preview\\default\\intermediates\\manifest\\default\\MainAbility","type":"directory","isSymbolicLink":false,"children":[{"hashValue":"3dbd08eaf414c394a0ce33c55676a127","name":"manifest.json","path":"C:\\Users\\LiuJunshan\\Desktop\\Harmony\\homework_1\\entry\\.preview\\default\\intermediates\\manifest\\default\\MainAbility\\manifest.json","type":"file","isSymbolicLink":false,"fileMetaData":{"size":257,"lastModifiedTime":1682217285204}}]}]},"C:\\Users\\LiuJunshan\\Desktop\\Harmony\\homework_1\\entry\\.preview\\default\\intermediates\\loader\\default\\MainAbility\\loader.json":{"hashValue":"9396ec37443cac2c14096447c681efd6","name":"loader.json","path":"C:\\Users\\LiuJunshan\\Desktop\\Harmony\\homework_1\\entry\\.preview\\default\\intermediates\\loader\\default\\MainAbility\\loader.json","type":"file","isSymbolicLink":false,"fileMetaData":{"size":186,"lastModifiedTime":1682217285208}},"C:\\Users\\LiuJunshan\\Desktop\\Harmony\\homework_1\\entry\\build-profile.json5":{"hashValue":"38798c66adc38eaa78a31895c9ecf428","name":"build-profile.json5","path":"C:\\Users\\LiuJunshan\\Desktop\\Harmony\\homework_1\\entry\\build-profile.json5","type":"file","isSymbolicLink":false,"fileMetaData":{"size":189,"lastModifiedTime":1682210849748}},"C:\\Users\\LiuJunshan\\Desktop\\Harmony\\homework_1\\entry\\.preview\\default\\intermediates\\process_profile\\default\\config.json":{"hashValue":"20ee5ed2ab67c0494a482c079967d193","name":"config.json","path":"C:\\Users\\LiuJunshan\\Desktop\\Harmony\\homework_1\\entry\\.preview\\default\\intermediates\\process_profile\\default\\config.json","type":"file","isSymbolicLink":false,"fileMetaData":{"size":1017,"lastModifiedTime":1682217285297}},"C:\\Users\\LiuJunshan\\Desktop\\Harmony\\homework_1\\entry\\src\\main\\resources":{"hashValue":"97122dbb30187082f8b91ec09c9d06dd","name":"resources","path":"C:\\Users\\LiuJunshan\\Desktop\\Harmony\\homework_1\\entry\\src\\main\\resources","type":"directory","isSymbolicLink":false,"children":[{"hashValue":"7e5f635455192503a2948c95e9f8f6ee","name":"base","path":"C:\\Users\\LiuJunshan\\Desktop\\Harmony\\homework_1\\entry\\src\\main\\resources\\base","type":"directory","isSymbolicLink":false,"children":[{"hashValue":"45869da0a9e708d7fb4c02a686b0f96a","name":"element","path":"C:\\Users\\LiuJunshan\\Desktop\\Harmony\\homework_1\\entry\\src\\main\\resources\\base\\element","type":"directory","isSymbolicLink":false,"children":[{"hashValue":"c2c3bbd7103a26e5c7a6fa820454005b","name":"color.json","path":"C:\\Users\\LiuJunshan\\Desktop\\Harmony\\homework_1\\entry\\src\\main\\resources\\base\\element\\color.json","type":"file","isSymbolicLink":false,"fileMetaData":{"size":105,"lastModifiedTime":1682210840543}},{"hashValue":"2900c344490494766b29ec7ebe1a5602","name":"string.json","path":"C:\\Users\\LiuJunshan\\Desktop\\Harmony\\homework_1\\entry\\src\\main\\resources\\base\\element\\string.json","type":"file","isSymbolicLink":false,"fileMetaData":{"size":245,"lastModifiedTime":1682210849748}}]},{"hashValue":"a73ee34ef55e82a7f92c2a445ac9ee36","name":"media","path":"C:\\Users\\LiuJunshan\\Desktop\\Harmony\\homework_1\\entry\\src\\main\\resources\\base\\media","type":"directory","isSymbolicLink":false,"children":[{"hashValue":"8eb646eebd8ab928f4acaf470ec784f8","name":"icon.png","path":"C:\\Users\\LiuJunshan\\Desktop\\Harmony\\homework_1\\entry\\src\\main\\resources\\base\\media\\icon.png","type":"file","isSymbolicLink":false,"fileMetaData":{"size":6790,"lastModifiedTime":1682210840553}}]}]},{"hashValue":"03c895cf00c637a79e0f19146505b531","name":"en_US","path":"C:\\Users\\LiuJunshan\\Desktop\\Harmony\\homework_1\\entry\\src\\main\\resources\\en_US","type":"directory","isSymbolicLink":false,"children":[{"hashValue":"4357f6a3a1648d7136c075d4014ea68c","name":"element","path":"C:\\Users\\LiuJunshan\\Desktop\\Harmony\\homework_1\\entry\\src\\main\\resources\\en_US\\element","type":"directory","isSymbolicLink":false,"children":[{"hashValue":"11c268b4eb5b9a14c6cee56055153e93","name":"string.json","path":"C:\\Users\\LiuJunshan\\Desktop\\Harmony\\homework_1\\entry\\src\\main\\resources\\en_US\\element\\string.json","type":"file","isSymbolicLink":false,"fileMetaData":{"size":245,"lastModifiedTime":1682210849758}}]}]},{"hashValue":"","name":"rawfile","path":"C:\\Users\\LiuJunshan\\Desktop\\Harmony\\homework_1\\entry\\src\\main\\resources\\rawfile","type":"directory","isSymbolicLink":false,"children":[]},{"hashValue":"9eb365800961db8c3a8e547d30cdff01","name":"zh_CN","path":"C:\\Users\\LiuJunshan\\Desktop\\Harmony\\homework_1\\entry\\src\\main\\resources\\zh_CN","type":"directory","isSymbolicLink":false,"children":[{"hashValue":"12a22937c3eab7a1c73a56d51e470d36","name":"element","path":"C:\\Users\\LiuJunshan\\Desktop\\Harmony\\homework_1\\entry\\src\\main\\resources\\zh_CN\\element","type":"directory","isSymbolicLink":false,"children":[{"hashValue":"b41dfe5d1a2b29a73b3bdaf1610264a9","name":"string.json","path":"C:\\Users\\LiuJunshan\\Desktop\\Harmony\\homework_1\\entry\\src\\main\\resources\\zh_CN\\element\\string.json","type":"file","isSymbolicLink":false,"fileMetaData":{"size":239,"lastModifiedTime":1682210849800}}]}]}]},"C:\\Users\\LiuJunshan\\Desktop\\Harmony\\homework_1\\entry\\.preview\\default\\intermediates\\res\\default":{"hashValue":"b463084bf90b3234d27afdcc4d79c250","name":"default","path":"C:\\Users\\LiuJunshan\\Desktop\\Harmony\\homework_1\\entry\\.preview\\default\\intermediates\\res\\default","type":"directory","isSymbolicLink":false,"children":[{"hashValue":"9e85564d3a24d8b1104c427075a3d908","name":"config.json","path":"C:\\Users\\LiuJunshan\\Desktop\\Harmony\\homework_1\\entry\\.preview\\default\\intermediates\\res\\default\\config.json","type":"file","isSymbolicLink":false,"fileMetaData":{"size":2478,"lastModifiedTime":1682217285407}},{"hashValue":"8701a994c08814202c074afad7eaa56f","name":"module_compiled","path":"C:\\Users\\LiuJunshan\\Desktop\\Harmony\\homework_1\\entry\\.preview\\default\\intermediates\\res\\default\\module_compiled","type":"directory","isSymbolicLink":false,"children":[{"hashValue":"521bf1cb5e3d171b5a9c95c8256acb26","name":"12242224696718708289","path":"C:\\Users\\LiuJunshan\\Desktop\\Harmony\\homework_1\\entry\\.preview\\default\\intermediates\\res\\default\\module_compiled\\12242224696718708289","type":"file","isSymbolicLink":false,"fileMetaData":{"size":218,"lastModifiedTime":1682217285345}},{"hashValue":"19302b7f935b801b3dfd2e250f151b8b","name":"12479019674769873085","path":"C:\\Users\\LiuJunshan\\Desktop\\Harmony\\homework_1\\entry\\.preview\\default\\intermediates\\res\\default\\module_compiled\\12479019674769873085","type":"file","isSymbolicLink":false,"fileMetaData":{"size":504,"lastModifiedTime":1682217285346}},{"hashValue":"74d3aec41b900d3e3fb23b3460184f3b","name":"15240953458267916182","path":"C:\\Users\\LiuJunshan\\Desktop\\Harmony\\homework_1\\entry\\.preview\\default\\intermediates\\res\\default\\module_compiled\\15240953458267916182","type":"file","isSymbolicLink":false,"fileMetaData":{"size":498,"lastModifiedTime":1682217285347}},{"hashValue":"59c1f9edfa9341e89d6ca7c8095e943b","name":"16392419422985895639","path":"C:\\Users\\LiuJunshan\\Desktop\\Harmony\\homework_1\\entry\\.preview\\default\\intermediates\\res\\default\\module_compiled\\16392419422985895639","type":"file","isSymbolicLink":false,"fileMetaData":{"size":153,"lastModifiedTime":1682217285344}},{"hashValue":"b105f2ce666fde79ca411a065dd91564","name":"1974103678257822946","path":"C:\\Users\\LiuJunshan\\Desktop\\Harmony\\homework_1\\entry\\.preview\\default\\intermediates\\res\\default\\module_compiled\\1974103678257822946","type":"file","isSymbolicLink":false,"fileMetaData":{"size":450,"lastModifiedTime":1682217285345}}]},{"hashValue":"e2348f89d43ec48d6c3bc1e1ac5416e8","name":"resources.index","path":"C:\\Users\\LiuJunshan\\Desktop\\Harmony\\homework_1\\entry\\.preview\\default\\intermediates\\res\\default\\resources.index","type":"file","isSymbolicLink":false,"fileMetaData":{"size":867,"lastModifiedTime":1682217285406}},{"hashValue":"0be7213ab86d1c780c1a4f745e16fa61","name":"ResourceTable.txt","path":"C:\\Users\\LiuJunshan\\Desktop\\Harmony\\homework_1\\entry\\.preview\\default\\intermediates\\res\\default\\ResourceTable.txt","type":"file","isSymbolicLink":false,"fileMetaData":{"size":163,"lastModifiedTime":1682217285408}}]},"C:\\Users\\LiuJunshan\\Desktop\\Harmony\\homework_1\\entry\\.preview\\default\\cache\\default\\r\\ResourceTable.h":{"hashValue":"1e99b682d3c532996096101135bf7de2","name":"ResourceTable.h","path":"C:\\Users\\LiuJunshan\\Desktop\\Harmony\\homework_1\\entry\\.preview\\default\\cache\\default\\r\\ResourceTable.h","type":"file","isSymbolicLink":false,"fileMetaData":{"size":954,"lastModifiedTime":1682217285407}},"C:\\Users\\LiuJunshan\\Desktop\\Harmony\\homework_1\\entry\\.preview\\default\\cache\\default\\r":{"hashValue":"2bd80f2e82cacc7b9acc4973663b48d7","name":"r","path":"C:\\Users\\LiuJunshan\\Desktop\\Harmony\\homework_1\\entry\\.preview\\default\\cache\\default\\r","type":"directory","isSymbolicLink":false,"children":[{"hashValue":"1e99b682d3c532996096101135bf7de2","name":"ResourceTable.h","path":"C:\\Users\\LiuJunshan\\Desktop\\Harmony\\homework_1\\entry\\.preview\\default\\cache\\default\\r\\ResourceTable.h","type":"file","isSymbolicLink":false,"fileMetaData":{"size":954,"lastModifiedTime":1682217285407}}]},"C:\\Users\\LiuJunshan\\Desktop\\Harmony\\homework_1\\entry\\build\\default\\intermediates\\merge_profile\\default\\config.json":{"hashValue":"498d0ec360d1f02c764fc1b5b3345ed9","name":"config.json","path":"C:\\Users\\LiuJunshan\\Desktop\\Harmony\\homework_1\\entry\\build\\default\\intermediates\\merge_profile\\default\\config.json","type":"file","isSymbolicLink":false,"fileMetaData":{"size":1352,"lastModifiedTime":1682217196228}},"C:\\Users\\LiuJunshan\\Desktop\\Harmony\\homework_1\\entry\\build\\default\\intermediates\\manifest\\default":{"hashValue":"7fc8a158f0f4d178d484ceb9f158360f","name":"default","path":"C:\\Users\\LiuJunshan\\Desktop\\Harmony\\homework_1\\entry\\build\\default\\intermediates\\manifest\\default","type":"directory","isSymbolicLink":false,"children":[{"hashValue":"2249f8cc91927d052a8b0a8179759d4a","name":"MainAbility","path":"C:\\Users\\LiuJunshan\\Desktop\\Harmony\\homework_1\\entry\\build\\default\\intermediates\\manifest\\default\\MainAbility","type":"directory","isSymbolicLink":false,"children":[{"hashValue":"38b84fa8a7e97777fd4e1a06cecd5a2a","name":"manifest.json","path":"C:\\Users\\LiuJunshan\\Desktop\\Harmony\\homework_1\\entry\\build\\default\\intermediates\\manifest\\default\\MainAbility\\manifest.json","type":"file","isSymbolicLink":false,"fileMetaData":{"size":257,"lastModifiedTime":1682217196231}}]}]},"C:\\Users\\LiuJunshan\\Desktop\\Harmony\\homework_1\\entry\\build\\default\\intermediates\\loader\\default\\MainAbility\\loader.json":{"hashValue":"9cf38235c1aa9406f7e287258be378f4","name":"loader.json","path":"C:\\Users\\LiuJunshan\\Desktop\\Harmony\\homework_1\\entry\\build\\default\\intermediates\\loader\\default\\MainAbility\\loader.json","type":"file","isSymbolicLink":false,"fileMetaData":{"size":186,"lastModifiedTime":1682217196235}},"C:\\Users\\LiuJunshan\\Desktop\\Harmony\\homework_1\\entry\\build\\default\\outputs\\default\\pack.info":{"hashValue":"7c8af04df38f445b55c4397ab6d7cb93","name":"pack.info","path":"C:\\Users\\LiuJunshan\\Desktop\\Harmony\\homework_1\\entry\\build\\default\\outputs\\default\\pack.info","type":"file","isSymbolicLink":false,"fileMetaData":{"size":534,"lastModifiedTime":1682216062317}},"C:\\Users\\LiuJunshan\\Desktop\\Harmony\\homework_1\\entry\\build\\default\\intermediates\\process_profile\\default\\config.json":{"hashValue":"b00b365a18039e828c12cc77dc391897","name":"config.json","path":"C:\\Users\\LiuJunshan\\Desktop\\Harmony\\homework_1\\entry\\build\\default\\intermediates\\process_profile\\default\\config.json","type":"file","isSymbolicLink":false,"fileMetaData":{"size":1017,"lastModifiedTime":1682217196456}},"C:\\Users\\LiuJunshan\\Desktop\\Harmony\\homework_1\\entry\\build\\default\\intermediates\\res\\default\\resConfig.json":{"hashValue":"c72ca663eb751781498034b781032fd4","name":"resConfig.json","path":"C:\\Users\\LiuJunshan\\Desktop\\Harmony\\homework_1\\entry\\build\\default\\intermediates\\res\\default\\resConfig.json","type":"file","isSymbolicLink":false,"fileMetaData":{"size":574,"lastModifiedTime":1682212998971}},"C:\\Users\\LiuJunshan\\Desktop\\Harmony\\homework_1\\entry\\build\\default\\intermediates\\libs\\default":{"hashValue":"","name":"default","path":"C:\\Users\\LiuJunshan\\Desktop\\Harmony\\homework_1\\entry\\build\\default\\intermediates\\libs\\default","type":"directory","isSymbolicLink":false,"children":[]},"C:\\Users\\LiuJunshan\\Desktop\\Harmony\\homework_1\\entry\\build\\default\\intermediates\\res\\default":{"hashValue":"dc3fa0539a9b6433fee1ab2169826f16","name":"default","path":"C:\\Users\\LiuJunshan\\Desktop\\Harmony\\homework_1\\entry\\build\\default\\intermediates\\res\\default","type":"directory","isSymbolicLink":false,"children":[{"hashValue":"aa4c170604f2f3f36a4f82c1eadc280c","name":"config.json","path":"C:\\Users\\LiuJunshan\\Desktop\\Harmony\\homework_1\\entry\\build\\default\\intermediates\\res\\default\\config.json","type":"file","isSymbolicLink":false,"fileMetaData":{"size":2478,"lastModifiedTime":1682217196608}},{"hashValue":"c72ca663eb751781498034b781032fd4","name":"resConfig.json","path":"C:\\Users\\LiuJunshan\\Desktop\\Harmony\\homework_1\\entry\\build\\default\\intermediates\\res\\default\\resConfig.json","type":"file","isSymbolicLink":false,"fileMetaData":{"size":574,"lastModifiedTime":1682212998971}},{"hashValue":"827aa99f96b2f0fcf850d3b7154e1abc","name":"resources","path":"C:\\Users\\LiuJunshan\\Desktop\\Harmony\\homework_1\\entry\\build\\default\\intermediates\\res\\default\\resources","type":"directory","isSymbolicLink":false,"children":[{"hashValue":"9aea42562c5c217cbe8a144d61ed772f","name":"base","path":"C:\\Users\\LiuJunshan\\Desktop\\Harmony\\homework_1\\entry\\build\\default\\intermediates\\res\\default\\resources\\base","type":"directory","isSymbolicLink":false,"children":[{"hashValue":"a73ee34ef55e82a7f92c2a445ac9ee36","name":"media","path":"C:\\Users\\LiuJunshan\\Desktop\\Harmony\\homework_1\\entry\\build\\default\\intermediates\\res\\default\\resources\\base\\media","type":"directory","isSymbolicLink":false,"children":[{"hashValue":"8eb646eebd8ab928f4acaf470ec784f8","name":"icon.png","path":"C:\\Users\\LiuJunshan\\Desktop\\Harmony\\homework_1\\entry\\build\\default\\intermediates\\res\\default\\resources\\base\\media\\icon.png","type":"file","isSymbolicLink":false,"fileMetaData":{"size":6790,"lastModifiedTime":1682210840553}}]}]},{"hashValue":"","name":"rawfile","path":"C:\\Users\\LiuJunshan\\Desktop\\Harmony\\homework_1\\entry\\build\\default\\intermediates\\res\\default\\resources\\rawfile","type":"directory","isSymbolicLink":false,"children":[]}]},{"hashValue":"2b19f057449857ad4bf57cbceb3b32e1","name":"resources.index","path":"C:\\Users\\LiuJunshan\\Desktop\\Harmony\\homework_1\\entry\\build\\default\\intermediates\\res\\default\\resources.index","type":"file","isSymbolicLink":false,"fileMetaData":{"size":811,"lastModifiedTime":1682217196608}},{"hashValue":"9fa1905e78c2f8497ba7ecaabea37849","name":"ResourceTable.txt","path":"C:\\Users\\LiuJunshan\\Desktop\\Harmony\\homework_1\\entry\\build\\default\\intermediates\\res\\default\\ResourceTable.txt","type":"file","isSymbolicLink":false,"fileMetaData":{"size":163,"lastModifiedTime":1682217196606}}]},"C:\\Users\\LiuJunshan\\Desktop\\Harmony\\homework_1\\entry\\build\\default\\cache\\default\\r\\ResourceTable.h":{"hashValue":"b7f9efbef7b9153d1210ed3758e8ddfa","name":"ResourceTable.h","path":"C:\\Users\\LiuJunshan\\Desktop\\Harmony\\homework_1\\entry\\build\\default\\cache\\default\\r\\ResourceTable.h","type":"file","isSymbolicLink":false,"fileMetaData":{"size":954,"lastModifiedTime":1682217196606}},"C:\\Users\\LiuJunshan\\Desktop\\Harmony\\homework_1\\entry\\build\\default\\cache\\default\\r":{"hashValue":"cca1980b41db1fa3b6e5dcf56e22e763","name":"r","path":"C:\\Users\\LiuJunshan\\Desktop\\Harmony\\homework_1\\entry\\build\\default\\cache\\default\\r","type":"directory","isSymbolicLink":false,"children":[{"hashValue":"b7f9efbef7b9153d1210ed3758e8ddfa","name":"ResourceTable.h","path":"C:\\Users\\LiuJunshan\\Desktop\\Harmony\\homework_1\\entry\\build\\default\\cache\\default\\r\\ResourceTable.h","type":"file","isSymbolicLink":false,"fileMetaData":{"size":954,"lastModifiedTime":1682217196606}}]},"C:\\Users\\LiuJunshan\\Desktop\\Harmony\\homework_1\\entry\\build\\default\\intermediates\\loader\\default":{"hashValue":"cad6c54e346ecaf7f580ad2d2d6376db","name":"default","path":"C:\\Users\\LiuJunshan\\Desktop\\Harmony\\homework_1\\entry\\build\\default\\intermediates\\loader\\default","type":"directory","isSymbolicLink":false,"children":[{"hashValue":"8050a73c20636477182e6b7f8c0762d4","name":"MainAbility","path":"C:\\Users\\LiuJunshan\\Desktop\\Harmony\\homework_1\\entry\\build\\default\\intermediates\\loader\\default\\MainAbility","type":"directory","isSymbolicLink":false,"children":[{"hashValue":"9cf38235c1aa9406f7e287258be378f4","name":"loader.json","path":"C:\\Users\\LiuJunshan\\Desktop\\Harmony\\homework_1\\entry\\build\\default\\intermediates\\loader\\default\\MainAbility\\loader.json","type":"file","isSymbolicLink":false,"fileMetaData":{"size":186,"lastModifiedTime":1682217196235}}]}]},"C:\\Users\\LiuJunshan\\Desktop\\Harmony\\homework_1\\entry\\build\\default\\intermediates\\res\\default\\ResourceTable.txt":{"hashValue":"9fa1905e78c2f8497ba7ecaabea37849","name":"ResourceTable.txt","path":"C:\\Users\\LiuJunshan\\Desktop\\Harmony\\homework_1\\entry\\build\\default\\intermediates\\res\\default\\ResourceTable.txt","type":"file","isSymbolicLink":false,"fileMetaData":{"size":163,"lastModifiedTime":1682217196606}},"C:\\Users\\LiuJunshan\\Desktop\\Harmony\\homework_1\\entry\\src\\main\\js":{"hashValue":"634c777117d61a03bf755ba5b0010fc5","name":"js","path":"C:\\Users\\LiuJunshan\\Desktop\\Harmony\\homework_1\\entry\\src\\main\\js","type":"directory","isSymbolicLink":false,"children":[{"hashValue":"f5a41419866d1ec787e41987e5fcd32c","name":"MainAbility","path":"C:\\Users\\LiuJunshan\\Desktop\\Harmony\\homework_1\\entry\\src\\main\\js\\MainAbility","type":"directory","isSymbolicLink":false,"children":[{"hashValue":"d0a67b5359e5ec16d2cae5634cc371c0","name":"app.js","path":"C:\\Users\\LiuJunshan\\Desktop\\Harmony\\homework_1\\entry\\src\\main\\js\\MainAbility\\app.js","type":"file","isSymbolicLink":false,"fileMetaData":{"size":256,"lastModifiedTime":1682210840593}},{"hashValue":"d041df3010d24de85343082d1f30b8ed","name":"i18n","path":"C:\\Users\\LiuJunshan\\Desktop\\Harmony\\homework_1\\entry\\src\\main\\js\\MainAbility\\i18n","type":"directory","isSymbolicLink":false,"children":[{"hashValue":"b904cc55fdc48d0193263d77dc263e62","name":"en-US.json","path":"C:\\Users\\LiuJunshan\\Desktop\\Harmony\\homework_1\\entry\\src\\main\\js\\MainAbility\\i18n\\en-US.json","type":"file","isSymbolicLink":false,"fileMetaData":{"size":83,"lastModifiedTime":1682210840603}},{"hashValue":"ab1c7b0dc5ec467038688a3f5f0daa42","name":"zh-CN.json","path":"C:\\Users\\LiuJunshan\\Desktop\\Harmony\\homework_1\\entry\\src\\main\\js\\MainAbility\\i18n\\zh-CN.json","type":"file","isSymbolicLink":false,"fileMetaData":{"size":85,"lastModifiedTime":1682210840614}}]},{"hashValue":"858a734883eb13168293c17a46877343","name":"pages","path":"C:\\Users\\LiuJunshan\\Desktop\\Harmony\\homework_1\\entry\\src\\main\\js\\MainAbility\\pages","type":"directory","isSymbolicLink":false,"children":[{"hashValue":"ece605b9964e6e404a3edb8c1e7315e3","name":"index","path":"C:\\Users\\LiuJunshan\\Desktop\\Harmony\\homework_1\\entry\\src\\main\\js\\MainAbility\\pages\\index","type":"directory","isSymbolicLink":false,"children":[{"hashValue":"4eb25b04a0f1d885aa63ce87c0c33eba","name":"index.css","path":"C:\\Users\\LiuJunshan\\Desktop\\Harmony\\homework_1\\entry\\src\\main\\js\\MainAbility\\pages\\index\\index.css","type":"file","isSymbolicLink":false,"fileMetaData":{"size":484,"lastModifiedTime":1682213530862}},{"hashValue":"6f41d2fe589a1f7fbae9e40cff687926","name":"index.hml","path":"C:\\Users\\LiuJunshan\\Desktop\\Harmony\\homework_1\\entry\\src\\main\\js\\MainAbility\\pages\\index\\index.hml","type":"file","isSymbolicLink":false,"fileMetaData":{"size":819,"lastModifiedTime":1682213520622}},{"hashValue":"2cd61e3887aa37aacd29b35102971fd2","name":"index.js","path":"C:\\Users\\LiuJunshan\\Desktop\\Harmony\\homework_1\\entry\\src\\main\\js\\MainAbility\\pages\\index\\index.js","type":"file","isSymbolicLink":false,"fileMetaData":{"size":1271,"lastModifiedTime":1682215012748}}]},{"hashValue":"312e7777b2cd92e79dd903734febf979","name":"weather","path":"C:\\Users\\LiuJunshan\\Desktop\\Harmony\\homework_1\\entry\\src\\main\\js\\MainAbility\\pages\\weather","type":"directory","isSymbolicLink":false,"children":[{"hashValue":"bf3da75b21e3d1f6e1629709b4aeb4a4","name":"weather.css","path":"C:\\Users\\LiuJunshan\\Desktop\\Harmony\\homework_1\\entry\\src\\main\\js\\MainAbility\\pages\\weather\\weather.css","type":"file","isSymbolicLink":false,"fileMetaData":{"size":601,"lastModifiedTime":1682216861637}},{"hashValue":"5d3b0042adfe98c10e2765fabee28d0e","name":"weather.hml","path":"C:\\Users\\LiuJunshan\\Desktop\\Harmony\\homework_1\\entry\\src\\main\\js\\MainAbility\\pages\\weather\\weather.hml","type":"file","isSymbolicLink":false,"fileMetaData":{"size":471,"lastModifiedTime":1682216896736}},{"hashValue":"6ff6acaf0b7decdd31dd28d00cdfad41","name":"weather.js","path":"C:\\Users\\LiuJunshan\\Desktop\\Harmony\\homework_1\\entry\\src\\main\\js\\MainAbility\\pages\\weather\\weather.js","type":"file","isSymbolicLink":false,"fileMetaData":{"size":1623,"lastModifiedTime":1682216688755}}]}]}]}]},"C:\\Users\\LiuJunshan\\Desktop\\Harmony\\homework_1\\entry\\build\\default\\intermediates\\loader_out\\default\\js":{"hashValue":"e83b8635619ebda17e47c1bf821c4775","name":"js","path":"C:\\Users\\LiuJunshan\\Desktop\\Harmony\\homework_1\\entry\\build\\default\\intermediates\\loader_out\\default\\js","type":"directory","isSymbolicLink":false,"children":[{"hashValue":"50eaf0db61c63f9ed9988e50f66f1a4a","name":"MainAbility","path":"C:\\Users\\LiuJunshan\\Desktop\\Harmony\\homework_1\\entry\\build\\default\\intermediates\\loader_out\\default\\js\\MainAbility","type":"directory","isSymbolicLink":false,"children":[{"hashValue":"67dfb63b426baed2779a03010efe326f","name":"app.abc","path":"C:\\Users\\LiuJunshan\\Desktop\\Harmony\\homework_1\\entry\\build\\default\\intermediates\\loader_out\\default\\js\\MainAbility\\app.abc","type":"file","isSymbolicLink":false,"fileMetaData":{"size":29568,"lastModifiedTime":1682216064804}},{"hashValue":"6baf8d64d24939c1bb2bc2f1e84726fa","name":"app.js","path":"C:\\Users\\LiuJunshan\\Desktop\\Harmony\\homework_1\\entry\\build\\default\\intermediates\\loader_out\\default\\js\\MainAbility\\app.js","type":"file","isSymbolicLink":false,"fileMetaData":{"size":15266,"lastModifiedTime":1682217203419}},{"hashValue":"80bc64e6fb400e3cc471dccf79a85d8b","name":"app.js.map","path":"C:\\Users\\LiuJunshan\\Desktop\\Harmony\\homework_1\\entry\\build\\default\\intermediates\\loader_out\\default\\js\\MainAbility\\app.js.map","type":"file","isSymbolicLink":false,"fileMetaData":{"size":1796,"lastModifiedTime":1682217203375}},{"hashValue":"d41c5d21eebe86d18c66149c0e531328","name":"i18n","path":"C:\\Users\\LiuJunshan\\Desktop\\Harmony\\homework_1\\entry\\build\\default\\intermediates\\loader_out\\default\\js\\MainAbility\\i18n","type":"directory","isSymbolicLink":false,"children":[{"hashValue":"48cb64e06f31ba5558686bb6ea8d5119","name":"en-US.json","path":"C:\\Users\\LiuJunshan\\Desktop\\Harmony\\homework_1\\entry\\build\\default\\intermediates\\loader_out\\default\\js\\MainAbility\\i18n\\en-US.json","type":"file","isSymbolicLink":false,"fileMetaData":{"size":83,"lastModifiedTime":1682217203375}},{"hashValue":"c9bc739451aaa7c770e829dd07722836","name":"zh-CN.json","path":"C:\\Users\\LiuJunshan\\Desktop\\Harmony\\homework_1\\entry\\build\\default\\intermediates\\loader_out\\default\\js\\MainAbility\\i18n\\zh-CN.json","type":"file","isSymbolicLink":false,"fileMetaData":{"size":85,"lastModifiedTime":1682217203375}}]},{"hashValue":"621b838d5f83e59180b58f6d2328eda5","name":"manifest.json","path":"C:\\Users\\LiuJunshan\\Desktop\\Harmony\\homework_1\\entry\\build\\default\\intermediates\\loader_out\\default\\js\\MainAbility\\manifest.json","type":"file","isSymbolicLink":false,"fileMetaData":{"size":257,"lastModifiedTime":1682217203478}},{"hashValue":"11f546e3eeacdea5c2091a7adedabd6d","name":"pages","path":"C:\\Users\\LiuJunshan\\Desktop\\Harmony\\homework_1\\entry\\build\\default\\intermediates\\loader_out\\default\\js\\MainAbility\\pages","type":"directory","isSymbolicLink":false,"children":[{"hashValue":"1d7015e73cc6a342a8330ad97fd028d3","name":"index","path":"C:\\Users\\LiuJunshan\\Desktop\\Harmony\\homework_1\\entry\\build\\default\\intermediates\\loader_out\\default\\js\\MainAbility\\pages\\index","type":"directory","isSymbolicLink":false,"children":[{"hashValue":"85611e76b140091583c2693ecd23f39d","name":"index.abc","path":"C:\\Users\\LiuJunshan\\Desktop\\Harmony\\homework_1\\entry\\build\\default\\intermediates\\loader_out\\default\\js\\MainAbility\\pages\\index\\index.abc","type":"file","isSymbolicLink":false,"fileMetaData":{"size":44152,"lastModifiedTime":1682216064798}},{"hashValue":"9046b91b17b32cc835b2fd34b34d743b","name":"index.js","path":"C:\\Users\\LiuJunshan\\Desktop\\Harmony\\homework_1\\entry\\build\\default\\intermediates\\loader_out\\default\\js\\MainAbility\\pages\\index\\index.js","type":"file","isSymbolicLink":false,"fileMetaData":{"size":21932,"lastModifiedTime":1682217203375}},{"hashValue":"42c78cdbf76a887624088b6dbdd0b78b","name":"index.js.map","path":"C:\\Users\\LiuJunshan\\Desktop\\Harmony\\homework_1\\entry\\build\\default\\intermediates\\loader_out\\default\\js\\MainAbility\\pages\\index\\index.js.map","type":"file","isSymbolicLink":false,"fileMetaData":{"size":4642,"lastModifiedTime":1682217203375}}]},{"hashValue":"ca8510ed3f6ea90cf8299bd7bb5f4c92","name":"weather","path":"C:\\Users\\LiuJunshan\\Desktop\\Harmony\\homework_1\\entry\\build\\default\\intermediates\\loader_out\\default\\js\\MainAbility\\pages\\weather","type":"directory","isSymbolicLink":false,"children":[{"hashValue":"c528f11c6c70fe1d07e0c63c4046c742","name":"weather.abc","path":"C:\\Users\\LiuJunshan\\Desktop\\Harmony\\homework_1\\entry\\build\\default\\intermediates\\loader_out\\default\\js\\MainAbility\\pages\\weather\\weather.abc","type":"file","isSymbolicLink":false,"fileMetaData":{"size":42564,"lastModifiedTime":1682217203480}},{"hashValue":"516d5a4d3c6fab31031fa28dad6c42b8","name":"weather.js","path":"C:\\Users\\LiuJunshan\\Desktop\\Harmony\\homework_1\\entry\\build\\default\\intermediates\\loader_out\\default\\js\\MainAbility\\pages\\weather\\weather.js","type":"file","isSymbolicLink":false,"fileMetaData":{"size":20740,"lastModifiedTime":1682217203375}},{"hashValue":"f3b9fe1f2bb01bdff49d457522e9a679","name":"weather.js.map","path":"C:\\Users\\LiuJunshan\\Desktop\\Harmony\\homework_1\\entry\\build\\default\\intermediates\\loader_out\\default\\js\\MainAbility\\pages\\weather\\weather.js.map","type":"file","isSymbolicLink":false,"fileMetaData":{"size":4361,"lastModifiedTime":1682217203375}}]}]},{"hashValue":"81944734860ee6f45bd8c1f84dc51ec2","name":"vendors.abc","path":"C:\\Users\\LiuJunshan\\Desktop\\Harmony\\homework_1\\entry\\build\\default\\intermediates\\loader_out\\default\\js\\MainAbility\\vendors.abc","type":"file","isSymbolicLink":false,"fileMetaData":{"size":5576,"lastModifiedTime":1682213001264}},{"hashValue":"b6035646ce9772fb8c8095160d49b6db","name":"vendors.js","path":"C:\\Users\\LiuJunshan\\Desktop\\Harmony\\homework_1\\entry\\build\\default\\intermediates\\loader_out\\default\\js\\MainAbility\\vendors.js","type":"file","isSymbolicLink":false,"fileMetaData":{"size":2088,"lastModifiedTime":1682217203375}},{"hashValue":"948103c11490e7af6104475968f4e51a","name":"vendors.js.map","path":"C:\\Users\\LiuJunshan\\Desktop\\Harmony\\homework_1\\entry\\build\\default\\intermediates\\loader_out\\default\\js\\MainAbility\\vendors.js.map","type":"file","isSymbolicLink":false,"fileMetaData":{"size":555,"lastModifiedTime":1682217203375}}]}]},"C:\\Users\\LiuJunshan\\Desktop\\Harmony\\homework_1\\entry\\build\\default\\intermediates\\loader_out\\default":{"hashValue":"f42ff0e8ac0082a8733c3be41d781bb8","name":"default","path":"C:\\Users\\LiuJunshan\\Desktop\\Harmony\\homework_1\\entry\\build\\default\\intermediates\\loader_out\\default","type":"directory","isSymbolicLink":false,"children":[{"hashValue":"e83b8635619ebda17e47c1bf821c4775","name":"js","path":"C:\\Users\\LiuJunshan\\Desktop\\Harmony\\homework_1\\entry\\build\\default\\intermediates\\loader_out\\default\\js","type":"directory","isSymbolicLink":false,"children":[{"hashValue":"50eaf0db61c63f9ed9988e50f66f1a4a","name":"MainAbility","path":"C:\\Users\\LiuJunshan\\Desktop\\Harmony\\homework_1\\entry\\build\\default\\intermediates\\loader_out\\default\\js\\MainAbility","type":"directory","isSymbolicLink":false,"children":[{"hashValue":"67dfb63b426baed2779a03010efe326f","name":"app.abc","path":"C:\\Users\\LiuJunshan\\Desktop\\Harmony\\homework_1\\entry\\build\\default\\intermediates\\loader_out\\default\\js\\MainAbility\\app.abc","type":"file","isSymbolicLink":false,"fileMetaData":{"size":29568,"lastModifiedTime":1682216064804}},{"hashValue":"6baf8d64d24939c1bb2bc2f1e84726fa","name":"app.js","path":"C:\\Users\\LiuJunshan\\Desktop\\Harmony\\homework_1\\entry\\build\\default\\intermediates\\loader_out\\default\\js\\MainAbility\\app.js","type":"file","isSymbolicLink":false,"fileMetaData":{"size":15266,"lastModifiedTime":1682217203419}},{"hashValue":"80bc64e6fb400e3cc471dccf79a85d8b","name":"app.js.map","path":"C:\\Users\\LiuJunshan\\Desktop\\Harmony\\homework_1\\entry\\build\\default\\intermediates\\loader_out\\default\\js\\MainAbility\\app.js.map","type":"file","isSymbolicLink":false,"fileMetaData":{"size":1796,"lastModifiedTime":1682217203375}},{"hashValue":"d41c5d21eebe86d18c66149c0e531328","name":"i18n","path":"C:\\Users\\LiuJunshan\\Desktop\\Harmony\\homework_1\\entry\\build\\default\\intermediates\\loader_out\\default\\js\\MainAbility\\i18n","type":"directory","isSymbolicLink":false,"children":[{"hashValue":"48cb64e06f31ba5558686bb6ea8d5119","name":"en-US.json","path":"C:\\Users\\LiuJunshan\\Desktop\\Harmony\\homework_1\\entry\\build\\default\\intermediates\\loader_out\\default\\js\\MainAbility\\i18n\\en-US.json","type":"file","isSymbolicLink":false,"fileMetaData":{"size":83,"lastModifiedTime":1682217203375}},{"hashValue":"c9bc739451aaa7c770e829dd07722836","name":"zh-CN.json","path":"C:\\Users\\LiuJunshan\\Desktop\\Harmony\\homework_1\\entry\\build\\default\\intermediates\\loader_out\\default\\js\\MainAbility\\i18n\\zh-CN.json","type":"file","isSymbolicLink":false,"fileMetaData":{"size":85,"lastModifiedTime":1682217203375}}]},{"hashValue":"621b838d5f83e59180b58f6d2328eda5","name":"manifest.json","path":"C:\\Users\\LiuJunshan\\Desktop\\Harmony\\homework_1\\entry\\build\\default\\intermediates\\loader_out\\default\\js\\MainAbility\\manifest.json","type":"file","isSymbolicLink":false,"fileMetaData":{"size":257,"lastModifiedTime":1682217203478}},{"hashValue":"11f546e3eeacdea5c2091a7adedabd6d","name":"pages","path":"C:\\Users\\LiuJunshan\\Desktop\\Harmony\\homework_1\\entry\\build\\default\\intermediates\\loader_out\\default\\js\\MainAbility\\pages","type":"directory","isSymbolicLink":false,"children":[{"hashValue":"1d7015e73cc6a342a8330ad97fd028d3","name":"index","path":"C:\\Users\\LiuJunshan\\Desktop\\Harmony\\homework_1\\entry\\build\\default\\intermediates\\loader_out\\default\\js\\MainAbility\\pages\\index","type":"directory","isSymbolicLink":false,"children":[{"hashValue":"85611e76b140091583c2693ecd23f39d","name":"index.abc","path":"C:\\Users\\LiuJunshan\\Desktop\\Harmony\\homework_1\\entry\\build\\default\\intermediates\\loader_out\\default\\js\\MainAbility\\pages\\index\\index.abc","type":"file","isSymbolicLink":false,"fileMetaData":{"size":44152,"lastModifiedTime":1682216064798}},{"hashValue":"9046b91b17b32cc835b2fd34b34d743b","name":"index.js","path":"C:\\Users\\LiuJunshan\\Desktop\\Harmony\\homework_1\\entry\\build\\default\\intermediates\\loader_out\\default\\js\\MainAbility\\pages\\index\\index.js","type":"file","isSymbolicLink":false,"fileMetaData":{"size":21932,"lastModifiedTime":1682217203375}},{"hashValue":"42c78cdbf76a887624088b6dbdd0b78b","name":"index.js.map","path":"C:\\Users\\LiuJunshan\\Desktop\\Harmony\\homework_1\\entry\\build\\default\\intermediates\\loader_out\\default\\js\\MainAbility\\pages\\index\\index.js.map","type":"file","isSymbolicLink":false,"fileMetaData":{"size":4642,"lastModifiedTime":1682217203375}}]},{"hashValue":"ca8510ed3f6ea90cf8299bd7bb5f4c92","name":"weather","path":"C:\\Users\\LiuJunshan\\Desktop\\Harmony\\homework_1\\entry\\build\\default\\intermediates\\loader_out\\default\\js\\MainAbility\\pages\\weather","type":"directory","isSymbolicLink":false,"children":[{"hashValue":"c528f11c6c70fe1d07e0c63c4046c742","name":"weather.abc","path":"C:\\Users\\LiuJunshan\\Desktop\\Harmony\\homework_1\\entry\\build\\default\\intermediates\\loader_out\\default\\js\\MainAbility\\pages\\weather\\weather.abc","type":"file","isSymbolicLink":false,"fileMetaData":{"size":42564,"lastModifiedTime":1682217203480}},{"hashValue":"516d5a4d3c6fab31031fa28dad6c42b8","name":"weather.js","path":"C:\\Users\\LiuJunshan\\Desktop\\Harmony\\homework_1\\entry\\build\\default\\intermediates\\loader_out\\default\\js\\MainAbility\\pages\\weather\\weather.js","type":"file","isSymbolicLink":false,"fileMetaData":{"size":20740,"lastModifiedTime":1682217203375}},{"hashValue":"f3b9fe1f2bb01bdff49d457522e9a679","name":"weather.js.map","path":"C:\\Users\\LiuJunshan\\Desktop\\Harmony\\homework_1\\entry\\build\\default\\intermediates\\loader_out\\default\\js\\MainAbility\\pages\\weather\\weather.js.map","type":"file","isSymbolicLink":false,"fileMetaData":{"size":4361,"lastModifiedTime":1682217203375}}]}]},{"hashValue":"81944734860ee6f45bd8c1f84dc51ec2","name":"vendors.abc","path":"C:\\Users\\LiuJunshan\\Desktop\\Harmony\\homework_1\\entry\\build\\default\\intermediates\\loader_out\\default\\js\\MainAbility\\vendors.abc","type":"file","isSymbolicLink":false,"fileMetaData":{"size":5576,"lastModifiedTime":1682213001264}},{"hashValue":"b6035646ce9772fb8c8095160d49b6db","name":"vendors.js","path":"C:\\Users\\LiuJunshan\\Desktop\\Harmony\\homework_1\\entry\\build\\default\\intermediates\\loader_out\\default\\js\\MainAbility\\vendors.js","type":"file","isSymbolicLink":false,"fileMetaData":{"size":2088,"lastModifiedTime":1682217203375}},{"hashValue":"948103c11490e7af6104475968f4e51a","name":"vendors.js.map","path":"C:\\Users\\LiuJunshan\\Desktop\\Harmony\\homework_1\\entry\\build\\default\\intermediates\\loader_out\\default\\js\\MainAbility\\vendors.js.map","type":"file","isSymbolicLink":false,"fileMetaData":{"size":555,"lastModifiedTime":1682217203375}}]}]}]},"C:\\Users\\LiuJunshan\\Desktop\\Harmony\\homework_1\\entry\\build\\default\\intermediates\\assets_jsbundle\\default\\js":{"hashValue":"e83b8635619ebda17e47c1bf821c4775","name":"js","path":"C:\\Users\\LiuJunshan\\Desktop\\Harmony\\homework_1\\entry\\build\\default\\intermediates\\assets_jsbundle\\default\\js","type":"directory","isSymbolicLink":false,"children":[{"hashValue":"50eaf0db61c63f9ed9988e50f66f1a4a","name":"MainAbility","path":"C:\\Users\\LiuJunshan\\Desktop\\Harmony\\homework_1\\entry\\build\\default\\intermediates\\assets_jsbundle\\default\\js\\MainAbility","type":"directory","isSymbolicLink":false,"children":[{"hashValue":"67dfb63b426baed2779a03010efe326f","name":"app.abc","path":"C:\\Users\\LiuJunshan\\Desktop\\Harmony\\homework_1\\entry\\build\\default\\intermediates\\assets_jsbundle\\default\\js\\MainAbility\\app.abc","type":"file","isSymbolicLink":false,"fileMetaData":{"size":29568,"lastModifiedTime":1682216064804}},{"hashValue":"6baf8d64d24939c1bb2bc2f1e84726fa","name":"app.js","path":"C:\\Users\\LiuJunshan\\Desktop\\Harmony\\homework_1\\entry\\build\\default\\intermediates\\assets_jsbundle\\default\\js\\MainAbility\\app.js","type":"file","isSymbolicLink":false,"fileMetaData":{"size":15266,"lastModifiedTime":1682217203419}},{"hashValue":"80bc64e6fb400e3cc471dccf79a85d8b","name":"app.js.map","path":"C:\\Users\\LiuJunshan\\Desktop\\Harmony\\homework_1\\entry\\build\\default\\intermediates\\assets_jsbundle\\default\\js\\MainAbility\\app.js.map","type":"file","isSymbolicLink":false,"fileMetaData":{"size":1796,"lastModifiedTime":1682217203375}},{"hashValue":"d41c5d21eebe86d18c66149c0e531328","name":"i18n","path":"C:\\Users\\LiuJunshan\\Desktop\\Harmony\\homework_1\\entry\\build\\default\\intermediates\\assets_jsbundle\\default\\js\\MainAbility\\i18n","type":"directory","isSymbolicLink":false,"children":[{"hashValue":"48cb64e06f31ba5558686bb6ea8d5119","name":"en-US.json","path":"C:\\Users\\LiuJunshan\\Desktop\\Harmony\\homework_1\\entry\\build\\default\\intermediates\\assets_jsbundle\\default\\js\\MainAbility\\i18n\\en-US.json","type":"file","isSymbolicLink":false,"fileMetaData":{"size":83,"lastModifiedTime":1682217203375}},{"hashValue":"c9bc739451aaa7c770e829dd07722836","name":"zh-CN.json","path":"C:\\Users\\LiuJunshan\\Desktop\\Harmony\\homework_1\\entry\\build\\default\\intermediates\\assets_jsbundle\\default\\js\\MainAbility\\i18n\\zh-CN.json","type":"file","isSymbolicLink":false,"fileMetaData":{"size":85,"lastModifiedTime":1682217203375}}]},{"hashValue":"621b838d5f83e59180b58f6d2328eda5","name":"manifest.json","path":"C:\\Users\\LiuJunshan\\Desktop\\Harmony\\homework_1\\entry\\build\\default\\intermediates\\assets_jsbundle\\default\\js\\MainAbility\\manifest.json","type":"file","isSymbolicLink":false,"fileMetaData":{"size":257,"lastModifiedTime":1682217203478}},{"hashValue":"11f546e3eeacdea5c2091a7adedabd6d","name":"pages","path":"C:\\Users\\LiuJunshan\\Desktop\\Harmony\\homework_1\\entry\\build\\default\\intermediates\\assets_jsbundle\\default\\js\\MainAbility\\pages","type":"directory","isSymbolicLink":false,"children":[{"hashValue":"1d7015e73cc6a342a8330ad97fd028d3","name":"index","path":"C:\\Users\\LiuJunshan\\Desktop\\Harmony\\homework_1\\entry\\build\\default\\intermediates\\assets_jsbundle\\default\\js\\MainAbility\\pages\\index","type":"directory","isSymbolicLink":false,"children":[{"hashValue":"85611e76b140091583c2693ecd23f39d","name":"index.abc","path":"C:\\Users\\LiuJunshan\\Desktop\\Harmony\\homework_1\\entry\\build\\default\\intermediates\\assets_jsbundle\\default\\js\\MainAbility\\pages\\index\\index.abc","type":"file","isSymbolicLink":false,"fileMetaData":{"size":44152,"lastModifiedTime":1682216064798}},{"hashValue":"9046b91b17b32cc835b2fd34b34d743b","name":"index.js","path":"C:\\Users\\LiuJunshan\\Desktop\\Harmony\\homework_1\\entry\\build\\default\\intermediates\\assets_jsbundle\\default\\js\\MainAbility\\pages\\index\\index.js","type":"file","isSymbolicLink":false,"fileMetaData":{"size":21932,"lastModifiedTime":1682217203375}},{"hashValue":"42c78cdbf76a887624088b6dbdd0b78b","name":"index.js.map","path":"C:\\Users\\LiuJunshan\\Desktop\\Harmony\\homework_1\\entry\\build\\default\\intermediates\\assets_jsbundle\\default\\js\\MainAbility\\pages\\index\\index.js.map","type":"file","isSymbolicLink":false,"fileMetaData":{"size":4642,"lastModifiedTime":1682217203375}}]},{"hashValue":"ca8510ed3f6ea90cf8299bd7bb5f4c92","name":"weather","path":"C:\\Users\\LiuJunshan\\Desktop\\Harmony\\homework_1\\entry\\build\\default\\intermediates\\assets_jsbundle\\default\\js\\MainAbility\\pages\\weather","type":"directory","isSymbolicLink":false,"children":[{"hashValue":"c528f11c6c70fe1d07e0c63c4046c742","name":"weather.abc","path":"C:\\Users\\LiuJunshan\\Desktop\\Harmony\\homework_1\\entry\\build\\default\\intermediates\\assets_jsbundle\\default\\js\\MainAbility\\pages\\weather\\weather.abc","type":"file","isSymbolicLink":false,"fileMetaData":{"size":42564,"lastModifiedTime":1682217203480}},{"hashValue":"516d5a4d3c6fab31031fa28dad6c42b8","name":"weather.js","path":"C:\\Users\\LiuJunshan\\Desktop\\Harmony\\homework_1\\entry\\build\\default\\intermediates\\assets_jsbundle\\default\\js\\MainAbility\\pages\\weather\\weather.js","type":"file","isSymbolicLink":false,"fileMetaData":{"size":20740,"lastModifiedTime":1682217203375}},{"hashValue":"f3b9fe1f2bb01bdff49d457522e9a679","name":"weather.js.map","path":"C:\\Users\\LiuJunshan\\Desktop\\Harmony\\homework_1\\entry\\build\\default\\intermediates\\assets_jsbundle\\default\\js\\MainAbility\\pages\\weather\\weather.js.map","type":"file","isSymbolicLink":false,"fileMetaData":{"size":4361,"lastModifiedTime":1682217203375}}]}]},{"hashValue":"81944734860ee6f45bd8c1f84dc51ec2","name":"vendors.abc","path":"C:\\Users\\LiuJunshan\\Desktop\\Harmony\\homework_1\\entry\\build\\default\\intermediates\\assets_jsbundle\\default\\js\\MainAbility\\vendors.abc","type":"file","isSymbolicLink":false,"fileMetaData":{"size":5576,"lastModifiedTime":1682213001264}},{"hashValue":"b6035646ce9772fb8c8095160d49b6db","name":"vendors.js","path":"C:\\Users\\LiuJunshan\\Desktop\\Harmony\\homework_1\\entry\\build\\default\\intermediates\\assets_jsbundle\\default\\js\\MainAbility\\vendors.js","type":"file","isSymbolicLink":false,"fileMetaData":{"size":2088,"lastModifiedTime":1682217203375}},{"hashValue":"948103c11490e7af6104475968f4e51a","name":"vendors.js.map","path":"C:\\Users\\LiuJunshan\\Desktop\\Harmony\\homework_1\\entry\\build\\default\\intermediates\\assets_jsbundle\\default\\js\\MainAbility\\vendors.js.map","type":"file","isSymbolicLink":false,"fileMetaData":{"size":555,"lastModifiedTime":1682217203375}}]}]},"C:\\Users\\LiuJunshan\\Desktop\\Harmony\\homework_1\\entry\\build\\default\\intermediates\\assets_jsbundle\\default":{"hashValue":"f42ff0e8ac0082a8733c3be41d781bb8","name":"default","path":"C:\\Users\\LiuJunshan\\Desktop\\Harmony\\homework_1\\entry\\build\\default\\intermediates\\assets_jsbundle\\default","type":"directory","isSymbolicLink":false,"children":[{"hashValue":"e83b8635619ebda17e47c1bf821c4775","name":"js","path":"C:\\Users\\LiuJunshan\\Desktop\\Harmony\\homework_1\\entry\\build\\default\\intermediates\\assets_jsbundle\\default\\js","type":"directory","isSymbolicLink":false,"children":[{"hashValue":"50eaf0db61c63f9ed9988e50f66f1a4a","name":"MainAbility","path":"C:\\Users\\LiuJunshan\\Desktop\\Harmony\\homework_1\\entry\\build\\default\\intermediates\\assets_jsbundle\\default\\js\\MainAbility","type":"directory","isSymbolicLink":false,"children":[{"hashValue":"67dfb63b426baed2779a03010efe326f","name":"app.abc","path":"C:\\Users\\LiuJunshan\\Desktop\\Harmony\\homework_1\\entry\\build\\default\\intermediates\\assets_jsbundle\\default\\js\\MainAbility\\app.abc","type":"file","isSymbolicLink":false,"fileMetaData":{"size":29568,"lastModifiedTime":1682216064804}},{"hashValue":"6baf8d64d24939c1bb2bc2f1e84726fa","name":"app.js","path":"C:\\Users\\LiuJunshan\\Desktop\\Harmony\\homework_1\\entry\\build\\default\\intermediates\\assets_jsbundle\\default\\js\\MainAbility\\app.js","type":"file","isSymbolicLink":false,"fileMetaData":{"size":15266,"lastModifiedTime":1682217203419}},{"hashValue":"80bc64e6fb400e3cc471dccf79a85d8b","name":"app.js.map","path":"C:\\Users\\LiuJunshan\\Desktop\\Harmony\\homework_1\\entry\\build\\default\\intermediates\\assets_jsbundle\\default\\js\\MainAbility\\app.js.map","type":"file","isSymbolicLink":false,"fileMetaData":{"size":1796,"lastModifiedTime":1682217203375}},{"hashValue":"d41c5d21eebe86d18c66149c0e531328","name":"i18n","path":"C:\\Users\\LiuJunshan\\Desktop\\Harmony\\homework_1\\entry\\build\\default\\intermediates\\assets_jsbundle\\default\\js\\MainAbility\\i18n","type":"directory","isSymbolicLink":false,"children":[{"hashValue":"48cb64e06f31ba5558686bb6ea8d5119","name":"en-US.json","path":"C:\\Users\\LiuJunshan\\Desktop\\Harmony\\homework_1\\entry\\build\\default\\intermediates\\assets_jsbundle\\default\\js\\MainAbility\\i18n\\en-US.json","type":"file","isSymbolicLink":false,"fileMetaData":{"size":83,"lastModifiedTime":1682217203375}},{"hashValue":"c9bc739451aaa7c770e829dd07722836","name":"zh-CN.json","path":"C:\\Users\\LiuJunshan\\Desktop\\Harmony\\homework_1\\entry\\build\\default\\intermediates\\assets_jsbundle\\default\\js\\MainAbility\\i18n\\zh-CN.json","type":"file","isSymbolicLink":false,"fileMetaData":{"size":85,"lastModifiedTime":1682217203375}}]},{"hashValue":"621b838d5f83e59180b58f6d2328eda5","name":"manifest.json","path":"C:\\Users\\LiuJunshan\\Desktop\\Harmony\\homework_1\\entry\\build\\default\\intermediates\\assets_jsbundle\\default\\js\\MainAbility\\manifest.json","type":"file","isSymbolicLink":false,"fileMetaData":{"size":257,"lastModifiedTime":1682217203478}},{"hashValue":"11f546e3eeacdea5c2091a7adedabd6d","name":"pages","path":"C:\\Users\\LiuJunshan\\Desktop\\Harmony\\homework_1\\entry\\build\\default\\intermediates\\assets_jsbundle\\default\\js\\MainAbility\\pages","type":"directory","isSymbolicLink":false,"children":[{"hashValue":"1d7015e73cc6a342a8330ad97fd028d3","name":"index","path":"C:\\Users\\LiuJunshan\\Desktop\\Harmony\\homework_1\\entry\\build\\default\\intermediates\\assets_jsbundle\\default\\js\\MainAbility\\pages\\index","type":"directory","isSymbolicLink":false,"children":[{"hashValue":"85611e76b140091583c2693ecd23f39d","name":"index.abc","path":"C:\\Users\\LiuJunshan\\Desktop\\Harmony\\homework_1\\entry\\build\\default\\intermediates\\assets_jsbundle\\default\\js\\MainAbility\\pages\\index\\index.abc","type":"file","isSymbolicLink":false,"fileMetaData":{"size":44152,"lastModifiedTime":1682216064798}},{"hashValue":"9046b91b17b32cc835b2fd34b34d743b","name":"index.js","path":"C:\\Users\\LiuJunshan\\Desktop\\Harmony\\homework_1\\entry\\build\\default\\intermediates\\assets_jsbundle\\default\\js\\MainAbility\\pages\\index\\index.js","type":"file","isSymbolicLink":false,"fileMetaData":{"size":21932,"lastModifiedTime":1682217203375}},{"hashValue":"42c78cdbf76a887624088b6dbdd0b78b","name":"index.js.map","path":"C:\\Users\\LiuJunshan\\Desktop\\Harmony\\homework_1\\entry\\build\\default\\intermediates\\assets_jsbundle\\default\\js\\MainAbility\\pages\\index\\index.js.map","type":"file","isSymbolicLink":false,"fileMetaData":{"size":4642,"lastModifiedTime":1682217203375}}]},{"hashValue":"ca8510ed3f6ea90cf8299bd7bb5f4c92","name":"weather","path":"C:\\Users\\LiuJunshan\\Desktop\\Harmony\\homework_1\\entry\\build\\default\\intermediates\\assets_jsbundle\\default\\js\\MainAbility\\pages\\weather","type":"directory","isSymbolicLink":false,"children":[{"hashValue":"c528f11c6c70fe1d07e0c63c4046c742","name":"weather.abc","path":"C:\\Users\\LiuJunshan\\Desktop\\Harmony\\homework_1\\entry\\build\\default\\intermediates\\assets_jsbundle\\default\\js\\MainAbility\\pages\\weather\\weather.abc","type":"file","isSymbolicLink":false,"fileMetaData":{"size":42564,"lastModifiedTime":1682217203480}},{"hashValue":"516d5a4d3c6fab31031fa28dad6c42b8","name":"weather.js","path":"C:\\Users\\LiuJunshan\\Desktop\\Harmony\\homework_1\\entry\\build\\default\\intermediates\\assets_jsbundle\\default\\js\\MainAbility\\pages\\weather\\weather.js","type":"file","isSymbolicLink":false,"fileMetaData":{"size":20740,"lastModifiedTime":1682217203375}},{"hashValue":"f3b9fe1f2bb01bdff49d457522e9a679","name":"weather.js.map","path":"C:\\Users\\LiuJunshan\\Desktop\\Harmony\\homework_1\\entry\\build\\default\\intermediates\\assets_jsbundle\\default\\js\\MainAbility\\pages\\weather\\weather.js.map","type":"file","isSymbolicLink":false,"fileMetaData":{"size":4361,"lastModifiedTime":1682217203375}}]}]},{"hashValue":"81944734860ee6f45bd8c1f84dc51ec2","name":"vendors.abc","path":"C:\\Users\\LiuJunshan\\Desktop\\Harmony\\homework_1\\entry\\build\\default\\intermediates\\assets_jsbundle\\default\\js\\MainAbility\\vendors.abc","type":"file","isSymbolicLink":false,"fileMetaData":{"size":5576,"lastModifiedTime":1682213001264}},{"hashValue":"b6035646ce9772fb8c8095160d49b6db","name":"vendors.js","path":"C:\\Users\\LiuJunshan\\Desktop\\Harmony\\homework_1\\entry\\build\\default\\intermediates\\assets_jsbundle\\default\\js\\MainAbility\\vendors.js","type":"file","isSymbolicLink":false,"fileMetaData":{"size":2088,"lastModifiedTime":1682217203375}},{"hashValue":"948103c11490e7af6104475968f4e51a","name":"vendors.js.map","path":"C:\\Users\\LiuJunshan\\Desktop\\Harmony\\homework_1\\entry\\build\\default\\intermediates\\assets_jsbundle\\default\\js\\MainAbility\\vendors.js.map","type":"file","isSymbolicLink":false,"fileMetaData":{"size":555,"lastModifiedTime":1682217203375}}]}]}]},"C:\\Users\\LiuJunshan\\Desktop\\Harmony\\homework_1\\entry\\build\\default\\intermediates\\res\\default\\config.json":{"hashValue":"aa4c170604f2f3f36a4f82c1eadc280c","name":"config.json","path":"C:\\Users\\LiuJunshan\\Desktop\\Harmony\\homework_1\\entry\\build\\default\\intermediates\\res\\default\\config.json","type":"file","isSymbolicLink":false,"fileMetaData":{"size":2478,"lastModifiedTime":1682217196608}},"C:\\Users\\LiuJunshan\\Desktop\\Harmony\\homework_1\\entry\\build\\default\\intermediates\\res\\default\\resources":{"hashValue":"827aa99f96b2f0fcf850d3b7154e1abc","name":"resources","path":"C:\\Users\\LiuJunshan\\Desktop\\Harmony\\homework_1\\entry\\build\\default\\intermediates\\res\\default\\resources","type":"directory","isSymbolicLink":false,"children":[{"hashValue":"9aea42562c5c217cbe8a144d61ed772f","name":"base","path":"C:\\Users\\LiuJunshan\\Desktop\\Harmony\\homework_1\\entry\\build\\default\\intermediates\\res\\default\\resources\\base","type":"directory","isSymbolicLink":false,"children":[{"hashValue":"a73ee34ef55e82a7f92c2a445ac9ee36","name":"media","path":"C:\\Users\\LiuJunshan\\Desktop\\Harmony\\homework_1\\entry\\build\\default\\intermediates\\res\\default\\resources\\base\\media","type":"directory","isSymbolicLink":false,"children":[{"hashValue":"8eb646eebd8ab928f4acaf470ec784f8","name":"icon.png","path":"C:\\Users\\LiuJunshan\\Desktop\\Harmony\\homework_1\\entry\\build\\default\\intermediates\\res\\default\\resources\\base\\media\\icon.png","type":"file","isSymbolicLink":false,"fileMetaData":{"size":6790,"lastModifiedTime":1682210840553}}]}]},{"hashValue":"","name":"rawfile","path":"C:\\Users\\LiuJunshan\\Desktop\\Harmony\\homework_1\\entry\\build\\default\\intermediates\\res\\default\\resources\\rawfile","type":"directory","isSymbolicLink":false,"children":[]}]},"C:\\Users\\LiuJunshan\\Desktop\\Harmony\\homework_1\\entry\\build\\default\\intermediates\\res\\default\\resources.index":{"hashValue":"2b19f057449857ad4bf57cbceb3b32e1","name":"resources.index","path":"C:\\Users\\LiuJunshan\\Desktop\\Harmony\\homework_1\\entry\\build\\default\\intermediates\\res\\default\\resources.index","type":"file","isSymbolicLink":false,"fileMetaData":{"size":811,"lastModifiedTime":1682217196608}},"C:\\Users\\LiuJunshan\\Desktop\\Harmony\\homework_1\\entry\\build\\default\\outputs\\default\\entry-default-unsigned.hap":{"hashValue":"0feff7caf108ec8b5b64a278888a2cc9","name":"entry-default-unsigned.hap","path":"C:\\Users\\LiuJunshan\\Desktop\\Harmony\\homework_1\\entry\\build\\default\\outputs\\default\\entry-default-unsigned.hap","type":"file","isSymbolicLink":false,"fileMetaData":{"size":206125,"lastModifiedTime":1682217203905}},"{\"commandList\":[\"C:\\\\Users\\\\LiuJunshan\\\\AppData\\\\Local\\\\Huawei\\\\Sdk\\\\openharmony\\\\9\\\\toolchains\\\\restool.exe\",\"-m\",\"entry\",\"-f\",\"-j\",\"C:\\\\Users\\\\LiuJunshan\\\\Desktop\\\\Harmony\\\\homework_1\\\\entry\\\\.preview\\\\default\\\\intermediates\\\\process_profile\\\\default\\\\config.json\",\"-p\",\"com.example.homework_1\",\"-o\",\"C:\\\\Users\\\\LiuJunshan\\\\Desktop\\\\Harmony\\\\homework_1\\\\entry\\\\.preview\\\\default\\\\intermediates\\\\res\\\\default\",\"-r\",\"C:\\\\Users\\\\LiuJunshan\\\\Desktop\\\\Harmony\\\\homework_1\\\\entry\\\\.preview\\\\default\\\\cache\\\\default\\\\r\\\\ResourceTable.h\"],\"inputFiles\":{\"_group\":{}},\"outputFiles\":{\"_group\":{}},\"existsResourceDir\":true,\"restoolLinkParamObj\":{\"moduleResourcesMap\":{},\"harResourcesMap\":{},\"outputPath\":\"C:\\\\Users\\\\LiuJunshan\\\\Desktop\\\\Harmony\\\\homework_1\\\\entry\\\\.preview\\\\default\\\\intermediates\\\\res\\\\default\",\"linkCommand\":[\"C:\\\\Users\\\\LiuJunshan\\\\AppData\\\\Local\\\\Huawei\\\\Sdk\\\\openharmony\\\\9\\\\toolchains\\\\restool.exe\",\"-m\",\"entry\",\"-f\",\"-j\",\"C:\\\\Users\\\\LiuJunshan\\\\Desktop\\\\Harmony\\\\homework_1\\\\entry\\\\.preview\\\\default\\\\intermediates\\\\process_profile\\\\default\\\\config.json\",\"-p\",\"com.example.homework_1\",\"-r\",\"C:\\\\Users\\\\LiuJunshan\\\\Desktop\\\\Harmony\\\\homework_1\\\\entry\\\\.preview\\\\default\\\\cache\\\\default\\\\r\\\\ResourceTable.h\",\"-z\"]}}":{"hashValue":"","name":"emptyroot","path":"","type":"unknown","isSymbolicLink":false,"children":[]}}