{":homework_1:entry:default@LegacyPreBuild":{"_inputs":[{"dataType":"ValueEntry","value":"{\"_name\":\"BUILTIN_TASK_COMMAND\",\"_value\":\"\",\"_valueType\":\"string\",\"_hash\":\"0b5d05294fdf4e78e8482ef53eb64ac0\"}"},{"dataType":"ValueEntry","value":"{\"_name\":\"BUILTIN_TASK_ENV\",\"_value\":\"\",\"_valueType\":\"string\",\"_hash\":\"cdcdc2ec8062ca9ec1de46dbf2bbc053\"}"},{"dataType":"ValueEntry","value":"{\"_name\":\"BUILTIN_TASK_TOOLCHAIN\",\"_value\":\"\",\"_valueType\":\"string\",\"_hash\":\"e7f94a9422a8bc317a7d90b58efcb5f6\"}"},{"dataType":"ValueEntry","value":"{\"_name\":\"apiType\",\"_value\":\"faMode\",\"_valueType\":\"string\",\"_hash\":\"37e58198414fce0f1bb44aa7ab33c256\"}"},{"dataType":"ValueEntry","value":"{\"_name\":\"compatibleApiVersion\",\"_value\":9,\"_valueType\":\"number\",\"_hash\":\"8f14da7cda665d5f6676adf8a127634f\"}"},{"dataType":"ValueEntry","value":"{\"_name\":\"compileApiVersion\",\"_value\":9,\"_valueType\":\"number\",\"_hash\":\"cdd5413832c7470f85f225c67a87a683\"}"},{"dataType":"ValueEntry","value":"{\"_name\":\"isESModule\",\"_value\":false,\"_valueType\":\"boolean\",\"_hash\":\"a3b4105df5ea73f0f03c34815c0c4cb8\"}"},{"dataType":"ValueEntry","value":"{\"_name\":\"moduleType\",\"_value\":\"entry\",\"_valueType\":\"string\",\"_hash\":\"8916cb1bf82abb4625b640591bdede6a\"}"},{"dataType":"ValueEntry","value":"{\"_name\":\"profileModuleName\",\"_value\":\"entry\",\"_valueType\":\"string\",\"_hash\":\"b174ea6ff5824844dde5ad92f6b3ef2b\"}"},{"dataType":"ValueEntry","value":"{\"_name\":\"sdkToolchainsComponentVersion\",\"_value\":\"3.2.2.6\",\"_valueType\":\"string\",\"_hash\":\"424c5a8b195c70a7201ed6d9826108fe\"}"},{"dataType":"ValueEntry","value":"{\"_name\":\"targetStatusCode\",\"_value\":2,\"_valueType\":\"number\",\"_hash\":\"5a9255c0f4ee50904a9349ebafca8369\"}"}],"_successful":true,"_projectName":"homework_1","_moduleName":"entry","_taskName":"default@LegacyPreBuild","_key":":homework_1:entry:default@LegacyPreBuild","_executionId":":homework_1:entry:default@LegacyPreBuild:1682214730237","_inputFiles":{"dataType":"Map","value":[["C:\\Users\\LiuJunshan\\Desktop\\Harmony\\homework_1\\entry\\src\\main\\config.json",{"isDirectory":false,"fileSnapShotHashValue":"fbb97a7ebd597fda9b4f52bbc4f83bc9"}]]},"_outputFiles":{"dataType":"Map","value":[]}},":homework_1:entry:default@LegacyMergeProfile":{"_inputs":[{"dataType":"ValueEntry","value":"{\"_name\":\"BUILTIN_TASK_COMMAND\",\"_value\":\"\",\"_valueType\":\"string\",\"_hash\":\"0b5d05294fdf4e78e8482ef53eb64ac0\"}"},{"dataType":"ValueEntry","value":"{\"_name\":\"BUILTIN_TASK_ENV\",\"_value\":\"\",\"_valueType\":\"string\",\"_hash\":\"cdcdc2ec8062ca9ec1de46dbf2bbc053\"}"},{"dataType":"ValueEntry","value":"{\"_name\":\"BUILTIN_TASK_TOOLCHAIN\",\"_value\":\"\",\"_valueType\":\"string\",\"_hash\":\"e7f94a9422a8bc317a7d90b58efcb5f6\"}"},{"dataType":"ValueEntry","value":"{\"_name\":\"buildRoot\",\"_value\":\".preview\",\"_valueType\":\"string\",\"_hash\":\"88e9a315669657b02bc470a13f92befe\"}"},{"dataType":"ValueEntry","value":"{\"_name\":\"compatibleSdkVersion\",\"_value\":9,\"_valueType\":\"number\",\"_hash\":\"789a8631987a2e2b1a03b001c78d0180\"}"},{"dataType":"ValueEntry","value":"{\"_name\":\"isDebug\",\"_value\":true,\"_valueType\":\"boolean\",\"_hash\":\"edbf05a2d2be2c385e75d9565a48d419\"}"},{"dataType":"ValueEntry","value":"{\"_name\":\"releaseType\",\"_value\":\"Beta1\",\"_valueType\":\"string\",\"_hash\":\"1a006c1958194950c056f6e6aa5438b0\"}"},{"dataType":"ValueEntry","value":"{\"_name\":\"targetSdkVersion\",\"_value\":9,\"_valueType\":\"number\",\"_hash\":\"09b2bdc967d8b97f7b9bf4f19735497e\"}"}],"_successful":true,"_projectName":"homework_1","_moduleName":"entry","_taskName":"default@LegacyMergeProfile","_key":":homework_1:entry:default@LegacyMergeProfile","_executionId":":homework_1:entry:default@LegacyMergeProfile:1682217285200","_inputFiles":{"dataType":"Map","value":[["C:\\Users\\LiuJunshan\\Desktop\\Harmony\\homework_1\\entry\\src\\main\\config.json",{"fileSnapShotHashValue":"fbb97a7ebd597fda9b4f52bbc4f83bc9"}]]},"_outputFiles":{"dataType":"Map","value":[["C:\\Users\\LiuJunshan\\Desktop\\Harmony\\homework_1\\entry\\.preview\\default\\intermediates\\merge_profile\\default\\config.json",{"fileSnapShotHashValue":"b6cad247c2f33aa593287e5ef4413cfa"}]]}},":homework_1:entry:default@LegacyGenerateJsManifest":{"_inputs":[{"dataType":"ValueEntry","value":"{\"_name\":\"ABI_OBJ_HASH\",\"_value\":\"c160009788ab77a615ffe74e8de1d398\",\"_valueType\":\"string\"}"},{"dataType":"ValueEntry","value":"{\"_name\":\"CONFIG_OBJ\",\"_value\":\"25a09630ca28ee3f1c06b9d76bd46fd3\",\"_valueType\":\"string\"}"},{"dataType":"ValueEntry","value":"{\"_name\":\"ABILITIES_HASH\",\"_value\":\"d751713988987e9331980363e24189ce\",\"_valueType\":\"string\"}"},{"dataType":"ValueEntry","value":"{\"_name\":\"HAS_LITE_DEVICE\",\"_value\":false,\"_valueType\":\"boolean\"}"},{"dataType":"ValueEntry","value":"{\"_name\":\"MIN_PLATFORM_VERSION\",\"_value\":9,\"_valueType\":\"number\"}"},{"dataType":"ValueEntry","value":"{\"_name\":\"PREVIEWER_REPLACE_PAGE\",\"_valueType\":\"undefined\"}"},{"dataType":"ValueEntry","value":"{\"_name\":\"PREVIEWER_REPLACE_SRCPATH\",\"_valueType\":\"undefined\"}"},{"dataType":"ValueEntry","value":"{\"_name\":\"BUILTIN_TASK_COMMAND\",\"_value\":\"\",\"_valueType\":\"string\"}"},{"dataType":"ValueEntry","value":"{\"_name\":\"BUILTIN_TASK_TOOLCHAIN\",\"_value\":\"\",\"_valueType\":\"string\"}"},{"dataType":"ValueEntry","value":"{\"_name\":\"BUILTIN_TASK_ENV\",\"_value\":\"\",\"_valueType\":\"string\"}"}],"_successful":true,"_projectName":"homework_1","_moduleName":"entry","_taskName":"default@LegacyGenerateJsManifest","_key":":homework_1:entry:default@LegacyGenerateJsManifest","_executionId":":homework_1:entry:default@LegacyGenerateJsManifest:1682217285203","_inputFiles":{"dataType":"Map","value":[]},"_outputFiles":{"dataType":"Map","value":[["C:\\Users\\LiuJunshan\\Desktop\\Harmony\\homework_1\\entry\\.preview\\default\\intermediates\\manifest\\default",{"fileSnapShotHashValue":"9d3db3ea864904a651078db15da32175"}]]}},":homework_1:entry:default@LegacyGenerateLoaderJson":{"_inputs":[{"dataType":"ValueEntry","value":"{\"_name\":\"BUILTIN_TASK_COMMAND\",\"_value\":\"\",\"_valueType\":\"string\",\"_hash\":\"0b5d05294fdf4e78e8482ef53eb64ac0\"}"},{"dataType":"ValueEntry","value":"{\"_name\":\"BUILTIN_TASK_ENV\",\"_value\":\"\",\"_valueType\":\"string\",\"_hash\":\"cdcdc2ec8062ca9ec1de46dbf2bbc053\"}"},{"dataType":"ValueEntry","value":"{\"_name\":\"BUILTIN_TASK_TOOLCHAIN\",\"_value\":\"\",\"_valueType\":\"string\",\"_hash\":\"e7f94a9422a8bc317a7d90b58efcb5f6\"}"},{"dataType":"ValueEntry","value":"{\"_name\":\"modulePathMap\",\"_value\":\"{\\\"entry\\\":\\\"C:\\\\\\\\Users\\\\\\\\LiuJunshan\\\\\\\\Desktop\\\\\\\\Harmony\\\\\\\\homework_1\\\\\\\\entry\\\"}\",\"_valueType\":\"string\",\"_hash\":\"faa350eeffb5008c5d55fa24e57e8866\"}"},{"dataType":"ValueEntry","value":"{\"_name\":\"multiResourceBuildArray\",\"_value\":\"[null]\",\"_valueType\":\"string\",\"_hash\":\"43a4d5a96381f569e2a4aab7d3946f37\"}"},{"dataType":"ValueEntry","value":"{\"_name\":\"projectRootPath\",\"_value\":\"C:\\\\Users\\\\LiuJunshan\\\\Desktop\\\\Harmony\\\\homework_1\",\"_valueType\":\"string\",\"_hash\":\"bcc8ee4dafbeee32022630f421ee5985\"}"}],"_successful":true,"_projectName":"homework_1","_moduleName":"entry","_taskName":"default@LegacyGenerateLoaderJson","_key":":homework_1:entry:default@LegacyGenerateLoaderJson","_executionId":":homework_1:entry:default@LegacyGenerateLoaderJson:1682217285205","_inputFiles":{"dataType":"Map","value":[]},"_outputFiles":{"dataType":"Map","value":[["C:\\Users\\LiuJunshan\\Desktop\\Harmony\\homework_1\\entry\\.preview\\default\\intermediates\\loader\\default\\MainAbility\\loader.json",{"fileSnapShotHashValue":"9396ec37443cac2c14096447c681efd6"}]]}},":homework_1:entry:default@LegacyProcessProfile":{"_inputs":[{"dataType":"ValueEntry","value":"{\"_name\":\"arkEnable\",\"_value\":true,\"_valueType\":\"boolean\"}"},{"dataType":"ValueEntry","value":"{\"_name\":\"deviceTypes\",\"_value\":[\"phone\"],\"_valueType\":\"object\"}"},{"dataType":"ValueEntry","value":"{\"_name\":\"BUILTIN_TASK_COMMAND\",\"_value\":\"\",\"_valueType\":\"string\"}"},{"dataType":"ValueEntry","value":"{\"_name\":\"BUILTIN_TASK_TOOLCHAIN\",\"_value\":\"\",\"_valueType\":\"string\"}"},{"dataType":"ValueEntry","value":"{\"_name\":\"BUILTIN_TASK_ENV\",\"_value\":\"\",\"_valueType\":\"string\"}"}],"_successful":true,"_projectName":"homework_1","_moduleName":"entry","_taskName":"default@LegacyProcessProfile","_key":":homework_1:entry:default@LegacyProcessProfile","_executionId":":homework_1:entry:default@LegacyProcessProfile:1682217285209","_inputFiles":{"dataType":"Map","value":[["C:\\Users\\LiuJunshan\\Desktop\\Harmony\\homework_1\\entry\\.preview\\default\\intermediates\\merge_profile\\default\\config.json",{"fileSnapShotHashValue":"b6cad247c2f33aa593287e5ef4413cfa"}],["C:\\Users\\LiuJunshan\\Desktop\\Harmony\\homework_1\\entry\\build-profile.json5",{"fileSnapShotHashValue":"38798c66adc38eaa78a31895c9ecf428"}]]},"_outputFiles":{"dataType":"Map","value":[["C:\\Users\\LiuJunshan\\Desktop\\Harmony\\homework_1\\entry\\.preview\\default\\intermediates\\process_profile\\default\\config.json",{"fileSnapShotHashValue":"20ee5ed2ab67c0494a482c079967d193"}]]}},":homework_1:entry:default@LegacyPreviewProcessResource":{"_inputs":[{"dataType":"ValueEntry","value":"{\"_name\":\"previewCompileResourcesCommand\",\"_value\":\"{\\\"commandList\\\":[\\\"C:\\\\\\\\Users\\\\\\\\LiuJunshan\\\\\\\\AppData\\\\\\\\Local\\\\\\\\Huawei\\\\\\\\Sdk\\\\\\\\openharmony\\\\\\\\9\\\\\\\\toolchains\\\\\\\\restool.exe\\\",\\\"-m\\\",\\\"entry\\\",\\\"-f\\\",\\\"-j\\\",\\\"C:\\\\\\\\Users\\\\\\\\LiuJunshan\\\\\\\\Desktop\\\\\\\\Harmony\\\\\\\\homework_1\\\\\\\\entry\\\\\\\\.preview\\\\\\\\default\\\\\\\\intermediates\\\\\\\\process_profile\\\\\\\\default\\\\\\\\config.json\\\",\\\"-p\\\",\\\"com.example.homework_1\\\",\\\"-o\\\",\\\"C:\\\\\\\\Users\\\\\\\\LiuJunshan\\\\\\\\Desktop\\\\\\\\Harmony\\\\\\\\homework_1\\\\\\\\entry\\\\\\\\.preview\\\\\\\\default\\\\\\\\intermediates\\\\\\\\res\\\\\\\\default\\\",\\\"-r\\\",\\\"C:\\\\\\\\Users\\\\\\\\LiuJunshan\\\\\\\\Desktop\\\\\\\\Harmony\\\\\\\\homework_1\\\\\\\\entry\\\\\\\\.preview\\\\\\\\default\\\\\\\\cache\\\\\\\\default\\\\\\\\r\\\\\\\\ResourceTable.h\\\"],\\\"inputFiles\\\":{\\\"_group\\\":{}},\\\"outputFiles\\\":{\\\"_group\\\":{}},\\\"existsResourceDir\\\":true,\\\"restoolLinkParamObj\\\":{\\\"moduleResourcesMap\\\":{},\\\"harResourcesMap\\\":{},\\\"outputPath\\\":\\\"C:\\\\\\\\Users\\\\\\\\LiuJunshan\\\\\\\\Desktop\\\\\\\\Harmony\\\\\\\\homework_1\\\\\\\\entry\\\\\\\\.preview\\\\\\\\default\\\\\\\\intermediates\\\\\\\\res\\\\\\\\default\\\",\\\"linkCommand\\\":[\\\"C:\\\\\\\\Users\\\\\\\\LiuJunshan\\\\\\\\AppData\\\\\\\\Local\\\\\\\\Huawei\\\\\\\\Sdk\\\\\\\\openharmony\\\\\\\\9\\\\\\\\toolchains\\\\\\\\restool.exe\\\",\\\"-m\\\",\\\"entry\\\",\\\"-f\\\",\\\"-j\\\",\\\"C:\\\\\\\\Users\\\\\\\\LiuJunshan\\\\\\\\Desktop\\\\\\\\Harmony\\\\\\\\homework_1\\\\\\\\entry\\\\\\\\.preview\\\\\\\\default\\\\\\\\intermediates\\\\\\\\process_profile\\\\\\\\default\\\\\\\\config.json\\\",\\\"-p\\\",\\\"com.example.homework_1\\\",\\\"-r\\\",\\\"C:\\\\\\\\Users\\\\\\\\LiuJunshan\\\\\\\\Desktop\\\\\\\\Harmony\\\\\\\\homework_1\\\\\\\\entry\\\\\\\\.preview\\\\\\\\default\\\\\\\\cache\\\\\\\\default\\\\\\\\r\\\\\\\\ResourceTable.h\\\",\\\"-z\\\"]}}\",\"_valueType\":\"string\"}"},{"dataType":"ValueEntry","value":"{\"_name\":\"BUILTIN_TASK_COMMAND\",\"_value\":\"\",\"_valueType\":\"string\"}"},{"dataType":"ValueEntry","value":"{\"_name\":\"BUILTIN_TASK_TOOLCHAIN\",\"_value\":\"\",\"_valueType\":\"string\"}"},{"dataType":"ValueEntry","value":"{\"_name\":\"BUILTIN_TASK_ENV\",\"_value\":\"\",\"_valueType\":\"string\"}"}],"_successful":true,"_projectName":"homework_1","_moduleName":"entry","_taskName":"default@LegacyPreviewProcessResource","_key":":homework_1:entry:default@LegacyPreviewProcessResource","_executionId":":homework_1:entry:default@LegacyPreviewProcessResource:1682217285299","_inputFiles":{"dataType":"Map","value":[]},"_outputFiles":{"dataType":"Map","value":[["{\"commandList\":[\"C:\\\\Users\\\\LiuJunshan\\\\AppData\\\\Local\\\\Huawei\\\\Sdk\\\\openharmony\\\\9\\\\toolchains\\\\restool.exe\",\"-m\",\"entry\",\"-f\",\"-j\",\"C:\\\\Users\\\\LiuJunshan\\\\Desktop\\\\Harmony\\\\homework_1\\\\entry\\\\.preview\\\\default\\\\intermediates\\\\process_profile\\\\default\\\\config.json\",\"-p\",\"com.example.homework_1\",\"-o\",\"C:\\\\Users\\\\LiuJunshan\\\\Desktop\\\\Harmony\\\\homework_1\\\\entry\\\\.preview\\\\default\\\\intermediates\\\\res\\\\default\",\"-r\",\"C:\\\\Users\\\\LiuJunshan\\\\Desktop\\\\Harmony\\\\homework_1\\\\entry\\\\.preview\\\\default\\\\cache\\\\default\\\\r\\\\ResourceTable.h\"],\"inputFiles\":{\"_group\":{}},\"outputFiles\":{\"_group\":{}},\"existsResourceDir\":true,\"restoolLinkParamObj\":{\"moduleResourcesMap\":{},\"harResourcesMap\":{},\"outputPath\":\"C:\\\\Users\\\\LiuJunshan\\\\Desktop\\\\Harmony\\\\homework_1\\\\entry\\\\.preview\\\\default\\\\intermediates\\\\res\\\\default\",\"linkCommand\":[\"C:\\\\Users\\\\LiuJunshan\\\\AppData\\\\Local\\\\Huawei\\\\Sdk\\\\openharmony\\\\9\\\\toolchains\\\\restool.exe\",\"-m\",\"entry\",\"-f\",\"-j\",\"C:\\\\Users\\\\LiuJunshan\\\\Desktop\\\\Harmony\\\\homework_1\\\\entry\\\\.preview\\\\default\\\\intermediates\\\\process_profile\\\\default\\\\config.json\",\"-p\",\"com.example.homework_1\",\"-r\",\"C:\\\\Users\\\\LiuJunshan\\\\Desktop\\\\Harmony\\\\homework_1\\\\entry\\\\.preview\\\\default\\\\cache\\\\default\\\\r\\\\ResourceTable.h\",\"-z\"]}}",{"isDirectory":false,"fileSnapShotHashValue":""}]]}},":homework_1:entry:default@LegacyPreviewCompileResource":{"_inputs":[{"dataType":"ValueEntry","value":"{\"_name\":\"PREVIEWER_REPLACE_PAGE\",\"_valueType\":\"undefined\"}"},{"dataType":"ValueEntry","value":"{\"_name\":\"PREVIEWER_REPLACE_SRCPATH\",\"_valueType\":\"undefined\"}"},{"dataType":"ValueEntry","value":"{\"_name\":\"TARGET_CONFIG\",\"_value\":\"{\\\"name\\\":\\\"default\\\",\\\"runtimeOS\\\":\\\"HarmonyOS\\\"}\",\"_valueType\":\"string\"}"},{"dataType":"ValueEntry","value":"{\"_name\":\"BUILTIN_TASK_COMMAND\",\"_value\":\"\",\"_valueType\":\"string\"}"},{"dataType":"ValueEntry","value":"{\"_name\":\"BUILTIN_TASK_TOOLCHAIN\",\"_value\":\"C:\\\\Users\\\\LiuJunshan\\\\AppData\\\\Local\\\\Huawei\\\\Sdk\\\\openharmony\\\\9\\\\toolchains\\\\restool.exe\",\"_valueType\":\"string\"}"},{"dataType":"ValueEntry","value":"{\"_name\":\"BUILTIN_TASK_ENV\",\"_value\":\"\",\"_valueType\":\"string\"}"}],"_successful":true,"_projectName":"homework_1","_moduleName":"entry","_taskName":"default@LegacyPreviewCompileResource","_key":":homework_1:entry:default@LegacyPreviewCompileResource","_executionId":":homework_1:entry:default@LegacyPreviewCompileResource:1682217285301","_inputFiles":{"dataType":"Map","value":[["C:\\Users\\LiuJunshan\\Desktop\\Harmony\\homework_1\\entry\\src\\main\\resources",{"fileSnapShotHashValue":"97122dbb30187082f8b91ec09c9d06dd"}],["C:\\Users\\LiuJunshan\\Desktop\\Harmony\\homework_1\\entry\\.preview\\default\\intermediates\\process_profile\\default\\config.json",{"isDirectory":false,"fileSnapShotHashValue":"20ee5ed2ab67c0494a482c079967d193"}]]},"_outputFiles":{"dataType":"Map","value":[["C:\\Users\\LiuJunshan\\Desktop\\Harmony\\homework_1\\entry\\.preview\\default\\intermediates\\res\\default",{"isDirectory":true,"fileSnapShotHashValue":"b463084bf90b3234d27afdcc4d79c250"}],["C:\\Users\\LiuJunshan\\Desktop\\Harmony\\homework_1\\entry\\.preview\\default\\cache\\default\\r\\ResourceTable.h",{"isDirectory":false,"fileSnapShotHashValue":"1e99b682d3c532996096101135bf7de2"}],["C:\\Users\\LiuJunshan\\Desktop\\Harmony\\homework_1\\entry\\.preview\\default\\cache\\default\\r",{"isDirectory":true,"fileSnapShotHashValue":"2bd80f2e82cacc7b9acc4973663b48d7"}]]}},":homework_1:entry:default@LegacyMakePackInfo":{"_inputs":[{"dataType":"ValueEntry","value":"{\"_name\":\"BUILTIN_TASK_COMMAND\",\"_value\":\"\",\"_valueType\":\"string\"}"},{"dataType":"ValueEntry","value":"{\"_name\":\"BUILTIN_TASK_ENV\",\"_value\":\"\",\"_valueType\":\"string\"}"},{"dataType":"ValueEntry","value":"{\"_name\":\"BUILTIN_TASK_TOOLCHAIN\",\"_value\":\"\",\"_valueType\":\"string\"}"},{"dataType":"ValueEntry","value":"{\"_name\":\"compatibleSdkVersion\",\"_value\":9,\"_valueType\":\"number\"}"},{"dataType":"ValueEntry","value":"{\"_name\":\"compileSdkVersion\",\"_value\":9,\"_valueType\":\"number\"}"},{"dataType":"ValueEntry","value":"{\"_name\":\"deviceTypes\",\"_value\":[\"phone\"],\"_valueType\":\"object\"}"}],"_successful":true,"_projectName":"homework_1","_moduleName":"entry","_taskName":"default@LegacyMakePackInfo","_key":":homework_1:entry:default@LegacyMakePackInfo","_executionId":":homework_1:entry:default@LegacyMakePackInfo:1682216062315","_inputFiles":{"dataType":"Map","value":[["C:\\Users\\LiuJunshan\\Desktop\\Harmony\\homework_1\\entry\\src\\main\\config.json",{"fileSnapShotHashValue":"fbb97a7ebd597fda9b4f52bbc4f83bc9"}]]},"_outputFiles":{"dataType":"Map","value":[["C:\\Users\\LiuJunshan\\Desktop\\Harmony\\homework_1\\entry\\build\\default\\outputs\\default\\pack.info",{"fileSnapShotHashValue":"7c8af04df38f445b55c4397ab6d7cb93"}]]}},":homework_1:entry:default@LegacyProcessResource":{"_inputs":[{"dataType":"ValueEntry","value":"{\"_name\":\"BUILTIN_TASK_COMMAND\",\"_value\":\"\",\"_valueType\":\"string\"}"},{"dataType":"ValueEntry","value":"{\"_name\":\"BUILTIN_TASK_ENV\",\"_value\":\"\",\"_valueType\":\"string\"}"},{"dataType":"ValueEntry","value":"{\"_name\":\"BUILTIN_TASK_TOOLCHAIN\",\"_value\":\"\",\"_valueType\":\"string\"}"},{"dataType":"ValueEntry","value":"{\"_name\":\"resConfigJsonContent\",\"_value\":\"{\\\"configPath\\\":\\\"C:\\\\\\\\Users\\\\\\\\LiuJunshan\\\\\\\\Desktop\\\\\\\\Harmony\\\\\\\\homework_1\\\\\\\\entry\\\\\\\\build\\\\\\\\default\\\\\\\\intermediates\\\\\\\\process_profile\\\\\\\\default\\\\\\\\config.json\\\",\\\"packageName\\\":\\\"com.example.homework_1\\\",\\\"output\\\":\\\"C:\\\\\\\\Users\\\\\\\\LiuJunshan\\\\\\\\Desktop\\\\\\\\Harmony\\\\\\\\homework_1\\\\\\\\entry\\\\\\\\build\\\\\\\\default\\\\\\\\intermediates\\\\\\\\res\\\\\\\\default\\\",\\\"moduleNames\\\":\\\"entry\\\",\\\"ResourceTable\\\":[\\\"C:\\\\\\\\Users\\\\\\\\LiuJunshan\\\\\\\\Desktop\\\\\\\\Harmony\\\\\\\\homework_1\\\\\\\\entry\\\\\\\\build\\\\\\\\default\\\\\\\\cache\\\\\\\\default\\\\\\\\r\\\\\\\\ResourceTable.h\\\"],\\\"moduleResources\\\":[\\\"C:\\\\\\\\Users\\\\\\\\LiuJunshan\\\\\\\\Desktop\\\\\\\\Harmony\\\\\\\\homework_1\\\\\\\\entry\\\\\\\\src\\\\\\\\main\\\\\\\\resources\\\"],\\\"dependencies\\\":[]}\",\"_valueType\":\"string\"}"}],"_successful":true,"_projectName":"homework_1","_moduleName":"entry","_taskName":"default@LegacyProcessResource","_key":":homework_1:entry:default@LegacyProcessResource","_executionId":":homework_1:entry:default@LegacyProcessResource:1682212998970","_inputFiles":{"dataType":"Map","value":[]},"_outputFiles":{"dataType":"Map","value":[["C:\\Users\\LiuJunshan\\Desktop\\Harmony\\homework_1\\entry\\build\\default\\intermediates\\res\\default\\resConfig.json",{"isDirectory":false,"fileSnapShotHashValue":"c72ca663eb751781498034b781032fd4"}]]}},":homework_1:entry:default@ProcessLibs":{"_inputs":[{"dataType":"ValueEntry","value":"{\"_name\":\"BUILTIN_TASK_COMMAND\",\"_value\":\"\",\"_valueType\":\"string\"}"},{"dataType":"ValueEntry","value":"{\"_name\":\"BUILTIN_TASK_ENV\",\"_value\":\"\",\"_valueType\":\"string\"}"},{"dataType":"ValueEntry","value":"{\"_name\":\"BUILTIN_TASK_TOOLCHAIN\",\"_value\":\"\",\"_valueType\":\"string\"}"}],"_successful":true,"_projectName":"homework_1","_moduleName":"entry","_taskName":"default@ProcessLibs","_key":":homework_1:entry:default@ProcessLibs","_executionId":":homework_1:entry:default@ProcessLibs:1682212998972","_inputFiles":{"dataType":"Map","value":[]},"_outputFiles":{"dataType":"Map","value":[["C:\\Users\\LiuJunshan\\Desktop\\Harmony\\homework_1\\entry\\build\\default\\intermediates\\libs\\default",{"isDirectory":true,"fileSnapShotHashValue":""}]]}},":homework_1:entry:default@LegacyCompileResource":{"_inputs":[{"dataType":"ValueEntry","value":"{\"_name\":\"TARGET_CONFIG\",\"_value\":\"{\\\"name\\\":\\\"default\\\",\\\"runtimeOS\\\":\\\"HarmonyOS\\\"}\",\"_valueType\":\"string\"}"},{"dataType":"ValueEntry","value":"{\"_name\":\"BUILTIN_TASK_COMMAND\",\"_value\":\"C:\\\\Users\\\\LiuJunshan\\\\AppData\\\\Local\\\\Huawei\\\\Sdk\\\\openharmony\\\\9\\\\toolchains\\\\restool.exe,-l,C:\\\\Users\\\\LiuJunshan\\\\Desktop\\\\Harmony\\\\homework_1\\\\entry\\\\build\\\\default\\\\intermediates\\\\res\\\\default\\\\resConfig.json\",\"_valueType\":\"string\"}"},{"dataType":"ValueEntry","value":"{\"_name\":\"BUILTIN_TASK_TOOLCHAIN\",\"_value\":\"C:\\\\Users\\\\LiuJunshan\\\\AppData\\\\Local\\\\Huawei\\\\Sdk\\\\openharmony\\\\9\\\\toolchains\\\\restool.exe\",\"_valueType\":\"string\"}"},{"dataType":"ValueEntry","value":"{\"_name\":\"BUILTIN_TASK_ENV\",\"_value\":\"\",\"_valueType\":\"string\"}"}],"_successful":true,"_projectName":"homework_1","_moduleName":"entry","_taskName":"default@LegacyCompileResource","_key":":homework_1:entry:default@LegacyCompileResource","_executionId":":homework_1:entry:default@LegacyCompileResource:1682217196465","_inputFiles":{"dataType":"Map","value":[["C:\\Users\\LiuJunshan\\Desktop\\Harmony\\homework_1\\entry\\src\\main\\resources",{"fileSnapShotHashValue":"97122dbb30187082f8b91ec09c9d06dd"}],["C:\\Users\\LiuJunshan\\Desktop\\Harmony\\homework_1\\entry\\build\\default\\intermediates\\process_profile\\default\\config.json",{"isDirectory":false,"fileSnapShotHashValue":"b00b365a18039e828c12cc77dc391897"}],["C:\\Users\\LiuJunshan\\Desktop\\Harmony\\homework_1\\entry\\build\\default\\intermediates\\res\\default\\resConfig.json",{"isDirectory":false,"fileSnapShotHashValue":"c72ca663eb751781498034b781032fd4"}]]},"_outputFiles":{"dataType":"Map","value":[["C:\\Users\\LiuJunshan\\Desktop\\Harmony\\homework_1\\entry\\build\\default\\intermediates\\res\\default",{"isDirectory":true,"fileSnapShotHashValue":"dc3fa0539a9b6433fee1ab2169826f16"}],["C:\\Users\\LiuJunshan\\Desktop\\Harmony\\homework_1\\entry\\build\\default\\cache\\default\\r\\ResourceTable.h",{"isDirectory":false,"fileSnapShotHashValue":"b7f9efbef7b9153d1210ed3758e8ddfa"}],["C:\\Users\\LiuJunshan\\Desktop\\Harmony\\homework_1\\entry\\build\\default\\cache\\default\\r",{"isDirectory":true,"fileSnapShotHashValue":"cca1980b41db1fa3b6e5dcf56e22e763"}]]}},":homework_1:entry:default@LegacyCompileArkTS":{"_inputs":[{"dataType":"ValueEntry","value":"{\"_name\":\"debuggable\",\"_value\":true,\"_valueType\":\"boolean\"}"},{"dataType":"ValueEntry","value":"{\"_name\":\"isArk\",\"_value\":true,\"_valueType\":\"boolean\"}"},{"dataType":"ValueEntry","value":"{\"_name\":\"BUILTIN_TASK_COMMAND\",\"_value\":\"\",\"_valueType\":\"string\"}"},{"dataType":"ValueEntry","value":"{\"_name\":\"BUILTIN_TASK_TOOLCHAIN\",\"_value\":\"\",\"_valueType\":\"string\"}"},{"dataType":"ValueEntry","value":"{\"_name\":\"BUILTIN_TASK_ENV\",\"_value\":\"\",\"_valueType\":\"string\"}"}],"_successful":true,"_projectName":"homework_1","_moduleName":"entry","_taskName":"default@LegacyCompileArkTS","_key":":homework_1:entry:default@LegacyCompileArkTS","_executionId":":homework_1:entry:default@LegacyCompileArkTS:1682217196620","_inputFiles":{"dataType":"Map","value":[["C:\\Users\\LiuJunshan\\Desktop\\Harmony\\homework_1\\entry\\build\\default\\intermediates\\manifest\\default",{"isDirectory":true,"fileSnapShotHashValue":"7fc8a158f0f4d178d484ceb9f158360f"}],["C:\\Users\\LiuJunshan\\Desktop\\Harmony\\homework_1\\entry\\build\\default\\intermediates\\loader\\default",{"isDirectory":true,"fileSnapShotHashValue":"cad6c54e346ecaf7f580ad2d2d6376db"}],["C:\\Users\\LiuJunshan\\Desktop\\Harmony\\homework_1\\entry\\build\\default\\intermediates\\res\\default\\ResourceTable.txt",{"fileSnapShotHashValue":"9fa1905e78c2f8497ba7ecaabea37849"}]]},"_outputFiles":{"dataType":"Map","value":[["C:\\Users\\LiuJunshan\\Desktop\\Harmony\\homework_1\\entry\\build\\default\\intermediates\\loader_out\\default\\ets",{"isDirectory":true,"fileSnapShotHashValue":""}]]}},":homework_1:entry:default@LegacyCompileJS":{"_inputs":[{"dataType":"ValueEntry","value":"{\"_name\":\"debuggable\",\"_value\":true,\"_valueType\":\"boolean\"}"},{"dataType":"ValueEntry","value":"{\"_name\":\"isArk\",\"_value\":true,\"_valueType\":\"boolean\"}"},{"dataType":"ValueEntry","value":"{\"_name\":\"BUILTIN_TASK_COMMAND\",\"_value\":\"\",\"_valueType\":\"string\"}"},{"dataType":"ValueEntry","value":"{\"_name\":\"BUILTIN_TASK_TOOLCHAIN\",\"_value\":\"\",\"_valueType\":\"string\"}"},{"dataType":"ValueEntry","value":"{\"_name\":\"BUILTIN_TASK_ENV\",\"_value\":\"\",\"_valueType\":\"string\"}"}],"_successful":true,"_projectName":"homework_1","_moduleName":"entry","_taskName":"default@LegacyCompileJS","_key":":homework_1:entry:default@LegacyCompileJS","_executionId":":homework_1:entry:default@LegacyCompileJS:1682217196622","_inputFiles":{"dataType":"Map","value":[["C:\\Users\\LiuJunshan\\Desktop\\Harmony\\homework_1\\entry\\build\\default\\intermediates\\manifest\\default",{"isDirectory":true,"fileSnapShotHashValue":"7fc8a158f0f4d178d484ceb9f158360f"}],["C:\\Users\\LiuJunshan\\Desktop\\Harmony\\homework_1\\entry\\build\\default\\intermediates\\loader\\default",{"isDirectory":true,"fileSnapShotHashValue":"cad6c54e346ecaf7f580ad2d2d6376db"}],["C:\\Users\\LiuJunshan\\Desktop\\Harmony\\homework_1\\entry\\build\\default\\intermediates\\res\\default\\ResourceTable.txt",{"fileSnapShotHashValue":"9fa1905e78c2f8497ba7ecaabea37849"}],["C:\\Users\\LiuJunshan\\Desktop\\Harmony\\homework_1\\entry\\src\\main\\js",{"isDirectory":true,"fileSnapShotHashValue":"634c777117d61a03bf755ba5b0010fc5"}]]},"_outputFiles":{"dataType":"Map","value":[["C:\\Users\\LiuJunshan\\Desktop\\Harmony\\homework_1\\entry\\build\\default\\intermediates\\loader_out\\default\\js",{"isDirectory":true,"fileSnapShotHashValue":"e83b8635619ebda17e47c1bf821c4775"}]]}},":homework_1:entry:default@LegacyProcessNodeAssets":{"_inputs":[{"dataType":"ValueEntry","value":"{\"_name\":\"BUILTIN_TASK_COMMAND\",\"_value\":\"\",\"_valueType\":\"string\"}"},{"dataType":"ValueEntry","value":"{\"_name\":\"BUILTIN_TASK_TOOLCHAIN\",\"_value\":\"\",\"_valueType\":\"string\"}"},{"dataType":"ValueEntry","value":"{\"_name\":\"BUILTIN_TASK_ENV\",\"_value\":\"\",\"_valueType\":\"string\"}"}],"_successful":true,"_projectName":"homework_1","_moduleName":"entry","_taskName":"default@LegacyProcessNodeAssets","_key":":homework_1:entry:default@LegacyProcessNodeAssets","_executionId":":homework_1:entry:default@LegacyProcessNodeAssets:1682217203538","_inputFiles":{"dataType":"Map","value":[["C:\\Users\\LiuJunshan\\Desktop\\Harmony\\homework_1\\entry\\build\\default\\intermediates\\loader_out\\default",{"isDirectory":true,"fileSnapShotHashValue":"f42ff0e8ac0082a8733c3be41d781bb8"}]]},"_outputFiles":{"dataType":"Map","value":[["C:\\Users\\LiuJunshan\\Desktop\\Harmony\\homework_1\\entry\\build\\default\\intermediates\\assets_jsbundle\\default\\js",{"isDirectory":true,"fileSnapShotHashValue":"e83b8635619ebda17e47c1bf821c4775"}]]}},":homework_1:entry:default@LegacyPackageHap":{"_inputs":[{"dataType":"ValueEntry","value":"{\"_name\":\"needPackBin\",\"_value\":false,\"_valueType\":\"boolean\"}"},{"dataType":"ValueEntry","value":"{\"_name\":\"needPackShell\",\"_value\":false,\"_valueType\":\"boolean\"}"},{"dataType":"ValueEntry","value":"{\"_name\":\"BUILTIN_TASK_COMMAND\",\"_value\":\"java,-Dfile.encoding=utf-8,-jar,C:\\\\Users\\\\LiuJunshan\\\\AppData\\\\Local\\\\Huawei\\\\Sdk\\\\openharmony\\\\9\\\\toolchains\\\\lib\\\\app_packing_tool.jar,--mode,hap,--force,true,--lib-path,C:\\\\Users\\\\LiuJunshan\\\\Desktop\\\\Harmony\\\\homework_1\\\\entry\\\\build\\\\default\\\\intermediates\\\\libs\\\\default,--json-path,C:\\\\Users\\\\LiuJunshan\\\\Desktop\\\\Harmony\\\\homework_1\\\\entry\\\\build\\\\default\\\\intermediates\\\\res\\\\default\\\\config.json,--resources-path,C:\\\\Users\\\\LiuJunshan\\\\Desktop\\\\Harmony\\\\homework_1\\\\entry\\\\build\\\\default\\\\intermediates\\\\res\\\\default\\\\resources,--assets-path,C:\\\\Users\\\\LiuJunshan\\\\Desktop\\\\Harmony\\\\homework_1\\\\entry\\\\build\\\\default\\\\intermediates\\\\assets_jsbundle\\\\default,--index-path,C:\\\\Users\\\\LiuJunshan\\\\Desktop\\\\Harmony\\\\homework_1\\\\entry\\\\build\\\\default\\\\intermediates\\\\res\\\\default\\\\resources.index,--pack-info-path,C:\\\\Users\\\\LiuJunshan\\\\Desktop\\\\Harmony\\\\homework_1\\\\entry\\\\build\\\\default\\\\outputs\\\\default\\\\pack.info,--out-path,C:\\\\Users\\\\LiuJunshan\\\\Desktop\\\\Harmony\\\\homework_1\\\\entry\\\\build\\\\default\\\\outputs\\\\default\\\\entry-default-unsigned.hap\",\"_valueType\":\"string\"}"},{"dataType":"ValueEntry","value":"{\"_name\":\"BUILTIN_TASK_TOOLCHAIN\",\"_value\":\"C:\\\\Users\\\\LiuJunshan\\\\AppData\\\\Local\\\\Huawei\\\\Sdk\\\\openharmony\\\\9\\\\toolchains\\\\lib\\\\app_packing_tool.jar\",\"_valueType\":\"string\"}"},{"dataType":"ValueEntry","value":"{\"_name\":\"BUILTIN_TASK_ENV\",\"_value\":\"\",\"_valueType\":\"string\"}"}],"_successful":true,"_projectName":"homework_1","_moduleName":"entry","_taskName":"default@LegacyPackageHap","_key":":homework_1:entry:default@LegacyPackageHap","_executionId":":homework_1:entry:default@LegacyPackageHap:1682217203648","_inputFiles":{"dataType":"Map","value":[["C:\\Users\\LiuJunshan\\Desktop\\Harmony\\homework_1\\entry\\build\\default\\intermediates\\libs\\default",{"isDirectory":false,"fileSnapShotHashValue":""}],["C:\\Users\\LiuJunshan\\Desktop\\Harmony\\homework_1\\entry\\build\\default\\intermediates\\assets_jsbundle\\default",{"isDirectory":false,"fileSnapShotHashValue":"f42ff0e8ac0082a8733c3be41d781bb8"}],["C:\\Users\\LiuJunshan\\Desktop\\Harmony\\homework_1\\entry\\build\\default\\intermediates\\res\\default\\config.json",{"isDirectory":false,"fileSnapShotHashValue":"aa4c170604f2f3f36a4f82c1eadc280c"}],["C:\\Users\\LiuJunshan\\Desktop\\Harmony\\homework_1\\entry\\build\\default\\intermediates\\res\\default\\resources",{"isDirectory":false,"fileSnapShotHashValue":"827aa99f96b2f0fcf850d3b7154e1abc"}],["C:\\Users\\LiuJunshan\\Desktop\\Harmony\\homework_1\\entry\\build\\default\\intermediates\\res\\default\\resources.index",{"isDirectory":false,"fileSnapShotHashValue":"2b19f057449857ad4bf57cbceb3b32e1"}],["C:\\Users\\LiuJunshan\\Desktop\\Harmony\\homework_1\\entry\\build\\default\\outputs\\default\\pack.info",{"isDirectory":false,"fileSnapShotHashValue":"7c8af04df38f445b55c4397ab6d7cb93"}]]},"_outputFiles":{"dataType":"Map","value":[["C:\\Users\\LiuJunshan\\Desktop\\Harmony\\homework_1\\entry\\build\\default\\outputs\\default\\entry-default-unsigned.hap",{"isDirectory":false,"fileSnapShotHashValue":"0feff7caf108ec8b5b64a278888a2cc9"}]]}},":homework_1:entry:default@SignHap":{"_inputs":[{"dataType":"ValueEntry","value":"{\"_name\":\"signingConfig_signAlg\",\"_value\":\"\",\"_valueType\":\"string\"}"},{"dataType":"ValueEntry","value":"{\"_name\":\"signingConfig_keyAlias\",\"_value\":\"\",\"_valueType\":\"string\"}"},{"dataType":"ValueEntry","value":"{\"_name\":\"signingConfig_keyPassword\",\"_value\":\"\",\"_valueType\":\"string\"}"},{"dataType":"ValueEntry","value":"{\"_name\":\"signingConfig_storePassword\",\"_value\":\"\",\"_valueType\":\"string\"}"},{"dataType":"ValueEntry","value":"{\"_name\":\"sdkToolchainsComponentVersion\",\"_value\":\"3.2.2.6\",\"_valueType\":\"string\"}"},{"dataType":"ValueEntry","value":"{\"_name\":\"BUILTIN_TASK_COMMAND\",\"_value\":\"\",\"_valueType\":\"string\"}"},{"dataType":"ValueEntry","value":"{\"_name\":\"BUILTIN_TASK_TOOLCHAIN\",\"_value\":\"\",\"_valueType\":\"string\"}"},{"dataType":"ValueEntry","value":"{\"_name\":\"BUILTIN_TASK_ENV\",\"_value\":\"\",\"_valueType\":\"string\"}"}],"_successful":true,"_projectName":"homework_1","_moduleName":"entry","_taskName":"default@SignHap","_key":":homework_1:entry:default@SignHap","_executionId":":homework_1:entry:default@SignHap:1682217203937","_inputFiles":{"dataType":"Map","value":[["C:\\Users\\LiuJunshan\\Desktop\\Harmony\\homework_1\\entry\\build\\default\\outputs\\default\\entry-default-unsigned.hap",{"isDirectory":false,"fileSnapShotHashValue":"0feff7caf108ec8b5b64a278888a2cc9"}]]},"_outputFiles":{"dataType":"Map","value":[["C:\\Users\\LiuJunshan\\Desktop\\Harmony\\homework_1\\entry\\build\\default\\outputs\\default\\entry-default-signed.hap",{"isDirectory":false,"fileSnapShotHashValue":""}]]}}}